代码,名称,最新价,涨跌幅,市盈率,换手率,突破类型,突破幅度,突破价位,量比,成交量放大,MACD多头,有效突破
002636,金安国纪,84.8,9.532,205.327,12.6652,60日,49.3,56.8,1.68,True,True,True
300706,阿石创,67.88,19.993,-188.556,30.9733,60日,21.24,55.99,1.62,True,True,True
603155,新亚强,25.12,9.982,96.615,11.9888,60日,19.22,21.07,2.47,True,True,True
605318,法狮龙,126.99,8.948,-2539.8,7.90327,60日,17.92,107.69,1.89,True,True,True
300665,飞鹿股份,11.81,6.685,-10.871,23.9183,60日,10.58,10.68,1.91,True,True,True
603303,得邦照明,32.3,7.595,57.158,3.86523,60日,8.39,29.8,1.78,True,True,True
605589,圣泉集团,61.0,1.498,51.261,15.6419,60日,7.11,56.95,2.55,True,True,True
600228,返利科技,7.45,8.918,-49.207,15.4189,60日,6.73,6.98,1.72,True,True,True
002409,雅克科技,134.81,10.004,64.14,18.098,60日,5.5,127.78,1.78,True,True,True
600206,有研新材,34.24,6.203,109.393,21.0501,60日,2.39,33.44,1.89,True,True,True
300334,津膜科技,12.86,13.005,-116.909,17.173,60日,46.47,8.78,1.05,False,True,True
600378,昊华科技,63.89,10.003,57.055,7.44364,60日,40.42,45.5,0.94,False,True,True
603823,百合花,42.63,9.843,106.575,7.27888,60日,38.41,30.8,1.14,False,True,True
603065,XD宿迁联,12.36,9.964,-397.428,3.06759,60日,35.08,9.15,0.72,False,True,True
300666,江丰电子,292.4,19.998,154.709,9.70505,60日,31.58,222.22,1.06,False,True,True
301072,中捷精工,35.0,-1.13,-67.308,13.1347,60日,30.35,26.85,0.9,False,True,True
603186,华正新材,170.38,4.323,87.374,12.5898,60日,22.38,139.22,0.98,False,True,True
603078,江化微,46.36,1.444,170.567,14.6243,60日,20.1,38.6,0.99,False,True,True
605186,健麾信息,34.33,7.315,149.261,10.703,60日,19.2,28.8,1.38,False,True,True
003043,华亚智能,82.01,1.724,130.175,12.447,60日,17.98,69.51,1.12,False,True,True
002119,康强电子,31.2,10.014,100.645,14.5757,60日,16.64,26.75,1.16,False,True,True
300985,致远新能,30.9,2.794,-134.348,5.38307,60日,16.6,26.5,1.15,False,True,True
002971,和远气体,52.75,10.01,181.897,15.2167,60日,16.37,45.33,1.0,False,True,True
002254,泰和新材,18.92,10.0,378.4,10.0517,60日,15.79,16.34,0.82,False,True,True
600367,红星发展,54.03,-8.237,200.111,23.1966,60日,15.01,46.98,1.16,False,True,True
603124,江南新材,178.8,6.505,111.75,8.12274,60日,14.19,156.58,1.14,False,True,True
603608,天创时尚,24.45,7.19,611.25,11.234,60日,13.88,21.47,1.2,False,True,True
600353,旭光电子,29.94,9.993,153.617,12.5641,60日,13.24,26.44,1.27,False,True,True
603500,祥和实业,13.12,3.797,32.8,19.5448,60日,11.85,11.73,1.31,False,True,True
002955,鸿合科技,30.73,2.948,139.682,6.03868,60日,11.75,27.5,1.0,False,True,True
600500,中化国际,7.21,10.076,-11.629,1.08371,60日,11.61,6.46,0.64,False,True,True
605358,立昂微,71.17,-3.17,-338.905,13.1394,60日,11.38,63.9,1.07,False,True,True
600665,天地源,4.07,10.0,-2.703,4.12864,60日,11.2,3.66,1.14,False,True,True
300489,光智科技,176.0,16.456,-729.988,9.44359,60日,10.98,158.58,1.28,False,True,True
002735,王子新材,19.4,2.537,-46.19,31.7449,60日,10.73,17.52,1.09,False,True,True
300716,*ST泉为,19.32,4.207,-13.963,3.31065,60日,10.4,17.5,0.68,False,True,True
300400,劲拓股份,37.44,-2.955,106.971,9.37451,60日,9.96,34.05,0.8,False,True,True
600403,大有能源,8.05,5.229,-9.546,8.37331,60日,8.78,7.4,1.01,False,True,True
301528,多浦乐,89.32,3.022,83.15,10.1724,60日,8.53,82.3,0.94,False,True,True
300700,岱勒新材,22.85,1.827,-46.92,7.48963,60日,8.19,21.12,1.08,False,True,True
603929,亚翔集成,230.86,3.963,55.23,4.94843,60日,7.05,215.65,0.97,False,True,True
600667,太极实业,17.51,9.987,83.381,16.217,60日,7.03,16.36,1.0,False,True,True
300234,开尔新材,9.84,8.609,-492.0,11.4905,60日,6.96,9.2,1.13,False,True,True
605566,福莱蒽特,47.34,6.911,139.235,8.10512,60日,6.89,44.29,1.19,False,True,True
603859,能科科技,51.89,-9.991,55.796,5.11311,60日,6.44,48.75,0.36,False,True,True
002354,天娱数科,7.98,-10.034,-270.508,9.865,60日,6.4,7.5,0.66,False,True,True
300566,激智科技,29.0,8.209,37.179,16.7198,60日,6.15,27.32,1.29,False,True,True
600869,远东股份,29.5,-6.498,1104.87,8.74385,60日,6.08,27.81,1.23,False,True,True
301526,国际复材,26.45,4.919,365.837,13.8907,60日,5.8,25.0,1.03,False,True,True
300346,南大光电,66.71,8.085,145.022,18.9254,60日,5.8,63.05,1.2,False,True,True
300260,新莱应材,72.78,-0.165,165.409,12.0973,60日,5.48,69.0,0.95,False,True,True
300221,银禧科技,16.12,-4.897,66.749,19.9715,60日,5.36,15.3,1.04,False,True,True
301630,同宇新材,304.22,1.576,81.648,34.5472,60日,5.27,289.0,1.38,False,True,True
002585,双星新材,12.42,-7.452,-26.883,31.9404,60日,5.25,11.8,1.29,False,True,True
301228,实朴检测,80.91,1.391,-139.5,4.15862,60日,5.24,76.88,0.93,False,True,True
600630,龙头股份,8.95,0.562,81.364,8.25856,60日,5.17,8.51,0.99,False,True,True
002125,湘潭电化,18.32,-1.875,50.889,16.1196,60日,4.99,17.45,1.22,False,True,True
300331,苏大维格,64.58,2.038,-922.571,12.4174,60日,4.8,61.62,1.05,False,True,True
603663,三祥新材,74.39,-0.535,265.679,6.90218,60日,4.48,71.2,1.12,False,True,True
603938,三孚股份,58.97,-1.684,280.81,17.3991,60日,3.86,56.78,1.38,False,True,True
002057,中钢天源,11.36,2.712,48.734,7.54711,60日,3.84,10.94,1.1,False,True,True
603733,仙鹤股份,27.12,1.119,18.965,2.0865,60日,3.63,26.17,1.11,False,True,True
301377,鼎泰高科,430.89,-0.303,406.5,4.47595,60日,3.51,416.27,0.82,False,True,True
600487,亨通光电,102.4,-4.192,93.091,9.19862,60日,3.44,98.99,1.02,False,True,True
601100,恒立液压,122.51,2.691,60.054,0.98499,60日,3.08,118.85,1.07,False,True,True
300307,慈星股份,7.75,4.307,64.583,7.0799,60日,3.06,7.52,1.19,False,True,True
603060,国检集团,7.49,0.0,50.438,3.21084,60日,2.74,7.29,0.91,False,True,True
601988,中国银行,6.2,-0.322,8.378,0.11493,60日,2.48,6.05,0.79,False,True,True
603386,骏亚科技,18.1,-2.636,-905.0,6.28672,60日,2.38,17.68,0.82,False,True,True
300951,博硕科技,43.7,0.483,50.814,2.39896,60日,2.25,42.74,0.8,False,True,True
600160,XD巨化股,41.0,2.474,29.286,4.92778,60日,2.24,40.1,1.35,False,True,True
601838,成都银行,19.76,-0.202,6.436,0.65985,60日,2.07,19.36,1.03,False,True,True
601208,东材科技,61.72,-1.01,202.96,11.0367,60日,2.02,60.5,1.09,False,True,True
002747,埃斯顿,33.35,-6.844,667.0,14.899,60日,8.38,30.77,0.98,False,False,True
603773,沃格光电,139.46,-10.003,-196.146,13.1429,60日,8.29,128.78,0.86,False,False,True
300319,麦捷科技,20.81,-5.752,57.854,20.8618,60日,5.85,19.66,0.81,False,False,True
002138,顺络电子,55.63,-4.58,42.792,8.54924,60日,5.2,52.88,0.73,False,False,True
600522,中天科技,49.27,-1.853,57.491,8.49439,60日,3.95,47.4,0.7,False,False,True
003036,泰坦股份,80.19,-0.509,364.5,4.27411,60日,2.26,78.42,0.71,False,False,True
001696,宗申动力,20.96,10.026,36.063,16.471,20日,16.57,17.98,1.57,True,True,True
300894,火星人,11.38,20.042,-15.589,8.36753,20日,4.98,10.84,2.2,True,True,True
300264,佳创视讯,10.97,17.452,-136.104,20.2305,20日,4.68,10.48,2.04,True,True,True
300481,濮阳惠成,17.03,20.014,37.844,14.4149,20日,2.04,16.69,2.48,True,True,True
301151,冠龙节能,19.33,-0.155,53.889,3.19901,20日,8.66,17.79,0.59,False,True,True
600458,时代新材,15.23,-2.121,25.814,5.7304,20日,8.24,14.07,0.71,False,True,True
603328,依顿电子,13.98,7.044,30.0,7.76959,20日,5.03,13.31,1.14,False,True,True
601211,国泰海通,17.22,0.997,9.897,1.10215,20日,4.87,16.42,1.01,False,True,True
