代码,名称,板块,最新价,涨跌幅,换手率,量比,PE,PB,ROE,市值(亿),current_price,period_low,period_high,price_ratio,price_percentile,distance_from_low,distance_from_high
300711,广哈通信,数字经济,20.1,1.06,1.30404,0.81,51.49,,,0.01,20.1,19.49,35.14,1.03,1.2,3.13,42.8
603236,移远通信,数字经济,74.96,0.6,4.84174,0.97,24.62,,,0.02,74.96,70.38,113.04,1.07,13.6,6.51,33.69
603988,中电电机,新能源-汽车,22.17,0.73,2.78567,1.18,163.08,,,0.0,22.17,21.12,39.97,1.05,2.1,4.97,44.53
300036,超图软件,新质生产力-AI,14.29,0.28,2.44188,0.79,143.43,,,0.01,14.29,13.89,22.8,1.03,3.7,2.88,37.32
603273,天元智能,新质生产力-AI,16.62,3.04,5.04869,0.35,128.0,,,0.0,16.62,16.08,23.98,1.03,2.1,3.36,30.69
301185,鸥玛软件,新质生产力-AI,17.24,2.93,2.09992,0.49,42.6,,,0.0,17.24,16.65,23.92,1.04,0.8,3.54,27.93
300925,法本信息,新质生产力-AI,17.67,0.34,2.81076,0.37,67.12,,,0.01,17.67,16.98,28.12,1.04,3.3,4.06,37.16
002065,东华软件,新质生产力-AI,8.05,0.37,1.26427,0.51,51.85,,,0.02,8.05,7.66,12.35,1.05,4.5,5.09,34.82
603656,泰禾智能,新质生产力-AI,18.72,1.08,1.63644,0.87,113.94,,,0.0,18.72,17.6,26.5,1.06,14.4,6.36,29.36
300306,远方信息,新质生产力-AI,12.24,3.03,2.53424,0.49,41.48,,,0.0,12.24,11.43,15.68,1.07,13.2,7.09,21.94
300380,安硕信息,新质生产力-AI,35.26,-2.65,2.16085,0.44,154.64,,,0.0,35.26,32.8,61.23,1.07,8.2,7.5,42.41
300996,普联软件,新质生产力-AI,13.1,2.75,3.55273,0.82,45.82,,,0.0,13.1,12.18,22.99,1.08,4.9,7.55,43.02
301135,瑞德智能,新质生产力-AI,26.95,3.06,2.10405,0.44,91.7,,,0.0,26.95,24.2,34.22,1.11,23.5,11.36,21.24
003028,振邦智能,新质生产力-AI,28.75,2.5,10.7207,1.09,57.63,,,0.0,28.75,25.15,42.04,1.14,15.6,14.31,31.61
600845,宝信软件,新质生产力-AI,22.55,-5.69,0.83081,1.9,45.58,,,0.06,22.55,19.61,26.68,1.15,21.5,14.99,15.48
002279,久其软件,新质生产力-AI,7.09,-0.42,2.99518,0.57,128.0,,,0.01,7.09,6.02,11.31,1.18,28.4,17.77,37.31
603383,顶点软件,新质生产力-AI,32.8,-1.35,3.14692,0.99,38.38,,,0.01,32.8,27.76,49.27,1.18,15.2,18.16,33.43
002097,山河智能,新质生产力-AI,9.12,-0.11,1.64374,0.16,111.75,,,0.01,9.12,7.09,20.98,1.29,17.7,28.63,56.53
300685,艾德生物,生物医药,18.96,-0.84,6.73539,0.72,22.68,,,0.01,18.96,18.92,26.15,1.0,0.4,0.21,27.5
300009,安科生物,生物医药,8.19,-0.85,0.93761,0.24,18.8,,,0.01,8.19,8.16,13.06,1.0,0.4,0.37,37.29
300119,瑞普生物,生物医药,16.49,-1.73,0.97458,0.21,17.97,,,0.01,16.49,16.43,26.6,1.0,0.4,0.37,38.01
300138,晨光生物,生物医药,10.49,-0.19,1.1564,0.38,13.45,,,0.0,10.49,10.45,15.8,1.0,0.4,0.38,33.61
603983,丸美生物,生物医药,23.79,-2.02,0.50307,0.47,37.77,,,0.01,23.79,23.7,54.27,1.0,0.4,0.38,56.16
002019,亿帆医药,生物医药,10.3,-0.77,1.10909,0.36,30.61,,,0.01,10.3,10.26,16.66,1.0,0.4,0.39,38.18
603658,安图生物,生物医药,32.5,-1.9,0.40431,1.36,17.66,,,0.02,32.5,32.32,42.75,1.01,0.4,0.56,23.98
301301,川宁生物,生物医药,9.27,0.43,1.46082,0.28,26.41,,,0.02,9.27,9.21,13.47,1.01,0.8,0.65,31.18
002007,华兰生物,生物医药,13.86,-0.5,0.69112,0.56,26.21,,,0.02,13.86,13.77,18.39,1.01,0.4,0.65,24.63
600833,第一医药,生物医药,11.16,-2.62,1.59039,0.37,40.73,,,0.0,11.16,11.05,16.05,1.01,0.8,1.0,30.47
300294,博雅生物,生物医药,15.67,-2.18,1.43012,1.2,69.64,,,0.01,15.67,15.48,27.99,1.01,0.4,1.23,44.02
600196,复星医药,生物医药,23.71,-1.29,1.07408,0.52,18.36,,,0.06,23.71,23.42,33.1,1.01,1.7,1.24,28.37
601607,上海医药,生物医药,16.44,-0.36,0.40586,0.59,10.64,,,0.06,16.44,16.23,19.68,1.01,1.2,1.29,16.46
300841,康华生物,生物医药,51.5,-1.89,3.03853,0.35,28.02,,,0.01,51.5,50.83,94.3,1.01,0.4,1.32,45.39
300401,花园生物,生物医药,13.05,1.24,2.53231,0.42,22.12,,,0.01,13.05,12.88,19.67,1.01,1.2,1.32,33.66
600216,浙江医药,生物医药,13.66,-1.37,1.70823,0.46,14.07,,,0.01,13.66,13.48,18.58,1.01,1.7,1.34,26.48
002688,金河生物,生物医药,5.64,-0.53,1.07295,0.15,153.26,,,0.0,5.64,5.56,8.06,1.01,0.8,1.44,30.02
600056,中国医药,生物医药,9.9,-0.5,1.40695,1.1,31.38,,,0.01,9.9,9.75,12.48,1.02,0.8,1.54,20.67
300347,泰格医药,生物医药,42.32,-6.93,3.70113,1.09,38.17,,,0.03,42.32,41.61,71.9,1.02,0.4,1.71,41.14
300238,冠昊生物,生物医药,12.89,1.58,1.59244,0.18,133.78,,,0.0,12.89,12.63,19.98,1.02,0.8,2.06,35.49
300239,东宝生物,生物医药,5.25,1.94,1.39007,0.6,53.56,,,0.0,5.25,5.12,6.82,1.03,1.2,2.54,23.02
300653,正海生物,生物医药,16.82,1.57,0.65389,0.54,34.83,,,0.0,16.82,16.4,23.95,1.03,0.8,2.56,29.77
600789,鲁抗医药,生物医药,8.11,-1.34,1.60355,0.22,66.58,,,0.01,8.11,7.87,11.37,1.03,2.5,3.05,28.67
603079,圣达生物,生物医药,14.98,-0.86,1.32605,0.46,40.29,,,0.0,14.98,14.5,22.0,1.03,0.4,3.31,31.91
600161,天坛生物,生物医药,13.64,3.26,0.4,0.58,23.89,,,0.03,13.64,13.15,22.08,1.04,1.7,3.73,38.22
600713,南京医药,生物医药,5.0,-1.96,0.86971,1.03,10.35,,,0.01,5.0,4.81,6.65,1.04,9.9,3.95,24.81
300439,美康生物,生物医药,9.44,-0.32,1.32678,0.85,56.44,,,0.0,9.44,9.08,12.2,1.04,1.2,3.96,22.62
002880,卫光生物,生物医药,26.14,-0.49,0.44868,0.93,23.11,,,0.01,26.14,25.03,33.79,1.04,18.1,4.43,22.64
301206,三元生物,生物医药,26.15,0.81,1.08633,0.29,54.87,,,0.01,26.15,24.5,34.69,1.07,6.2,6.73,24.62
301520,万邦医药,生物医药,40.49,1.48,3.35127,0.22,68.69,,,0.0,40.49,37.83,50.83,1.07,11.5,7.03,20.34
300233,金城医药,生物医药,14.4,-1.23,2.4415,0.36,110.92,,,0.01,14.4,13.45,22.47,1.07,7.8,7.06,35.91
300298,三诺生物,生物医药,16.45,-0.24,1.05176,0.73,93.65,,,0.01,16.45,15.3,23.96,1.08,11.5,7.52,31.34
603363,傲农生物,生物医药,3.39,2.11,1.70789,3.08,111.67,,,0.01,3.39,3.12,6.2,1.09,5.3,8.65,45.32
300529,健帆生物,生物医药,18.79,0.54,1.03953,0.57,26.27,,,0.01,18.79,17.27,24.98,1.09,13.2,8.8,24.78
301331,恩威医药,生物医药,26.29,2.38,4.26511,0.27,55.09,,,0.0,26.29,24.1,39.66,1.09,7.4,9.09,33.71
603739,蔚蓝生物,生物医药,13.86,0.29,1.72415,0.9,46.07,,,0.0,13.86,12.63,18.41,1.1,22.6,9.74,24.71
600721,百花医药,生物医药,7.68,-1.03,1.83205,0.31,69.12,,,0.0,7.68,6.92,12.6,1.11,12.9,10.98,39.05
300406,九强生物,生物医药,12.86,0.7,1.04546,0.54,39.09,,,0.01,12.86,11.34,16.05,1.13,18.9,13.4,19.88
605507,国邦医药,生物医药,22.38,0.99,0.50377,0.67,14.94,,,0.01,22.38,19.46,29.98,1.15,25.1,15.01,25.35
300357,我武生物,生物医药,23.39,-0.93,1.303,0.64,30.92,,,0.01,23.39,19.27,35.84,1.21,16.0,21.38,34.74
300813,泰林生物,生物医药,23.77,1.67,3.30945,0.72,158.5,,,0.0,23.77,18.41,42.25,1.29,20.2,29.11,43.74
002928,华夏航空,高端制造-军工,7.18,-2.58,2.72029,1.84,15.85,,,0.01,7.18,7.11,12.48,1.01,0.4,0.98,42.47
600029,南方航空,高端制造-军工,5.37,1.51,0.88094,2.34,109.4,,,0.1,5.37,5.19,8.46,1.03,2.1,3.47,36.52
601021,春秋航空,高端制造-军工,46.43,-2.91,0.84841,2.19,20.28,,,0.05,46.43,43.08,60.48,1.08,6.6,7.78,23.23
603885,吉祥航空,高端制造-军工,11.44,-0.44,0.86517,1.64,24.4,,,0.03,11.44,10.52,15.97,1.09,4.5,8.75,28.37
