代码,名称,板块,最新价,涨跌幅,换手率,量比,current_price,period_low,period_high,price_ratio,price_percentile,distance_from_low,distance_from_high
300711,广哈通信,数字经济,20.1,1.06,1.32031,0.81,20.1,19.49,35.14,1.03,1.2,3.13,42.8
300711,广哈通信,数字经济,20.1,1.06,1.30404,0.81,20.1,19.49,35.14,1.03,1.2,3.13,42.8
603236,移远通信,数字经济,74.96,0.6,4.84174,0.97,74.96,70.38,113.04,1.07,13.6,6.51,33.69
603236,移远通信,数字经济,74.96,0.6,3.13123,0.97,74.96,70.38,113.04,1.07,13.6,6.51,33.69
603602,纵横通信,数字经济,13.89,2.28,2.20523,1.37,13.89,12.28,17.75,1.13,18.5,13.11,21.75
603602,纵横通信,数字经济,13.89,2.28,2.35823,1.37,13.89,12.28,17.75,1.13,18.5,13.11,21.75
603322,超讯通信,数字经济,36.37,2.34,5.23713,1.82,36.37,28.53,60.0,1.27,22.6,27.48,39.38
603322,超讯通信,数字经济,36.37,2.34,5.26002,1.82,36.37,28.53,60.0,1.27,22.6,27.48,39.38
603988,中电电机,新能源-汽车,22.17,0.73,2.92461,1.18,22.17,21.12,39.97,1.05,2.1,4.97,44.53
603988,中电电机,新能源-汽车,22.17,0.73,2.78567,1.18,22.17,21.12,39.97,1.05,2.1,4.97,44.53
300678,中科信息,新质生产力-AI,26.88,-3.24,2.32718,0.47,26.88,26.51,41.43,1.01,0.4,1.4,35.12
300678,中科信息,新质生产力-AI,26.88,-3.24,1.83531,0.47,26.88,26.51,41.43,1.01,0.4,1.4,35.12
300271,华宇软件,新质生产力-AI,6.0,0.17,1.30477,0.39,6.0,5.91,9.68,1.02,0.8,1.52,38.02
300271,华宇软件,新质生产力-AI,6.0,0.17,1.20198,0.39,6.0,5.91,9.68,1.02,0.8,1.52,38.02
300663,科蓝软件,新质生产力-AI,8.39,1.7,4.31959,0.65,8.39,8.25,22.55,1.02,0.8,1.7,62.79
300663,科蓝软件,新质生产力-AI,8.39,1.7,4.02131,0.65,8.39,8.25,22.55,1.02,0.8,1.7,62.79
300288,朗玛信息,新质生产力-AI,11.08,0.0,2.10559,0.54,11.08,10.87,17.37,1.02,0.8,1.93,36.21
300288,朗玛信息,新质生产力-AI,11.08,0.0,1.77117,0.54,11.08,10.87,17.37,1.02,0.8,1.93,36.21
300659,中孚信息,新质生产力-AI,12.26,1.57,3.12735,0.61,12.26,11.97,19.55,1.02,0.8,2.42,37.29
300659,中孚信息,新质生产力-AI,12.26,1.57,3.13537,0.61,12.26,11.97,19.55,1.02,0.8,2.42,37.29
603918,金桥信息,新质生产力-AI,12.53,1.05,2.4437,0.38,12.53,12.18,23.36,1.03,0.8,2.87,46.36
603918,金桥信息,新质生产力-AI,12.53,1.05,2.72874,0.38,12.53,12.18,23.36,1.03,0.8,2.87,46.36
300036,超图软件,新质生产力-AI,14.29,0.28,2.72328,0.79,14.29,13.89,22.8,1.03,3.7,2.88,37.32
300036,超图软件,新质生产力-AI,14.29,0.28,2.44188,0.79,14.29,13.89,22.8,1.03,3.7,2.88,37.32
603273,天元智能,新质生产力-AI,16.62,3.04,4.01934,0.35,16.62,16.08,23.98,1.03,2.1,3.36,30.69
603273,天元智能,新质生产力-AI,16.62,3.04,5.04869,0.35,16.62,16.08,23.98,1.03,2.1,3.36,30.69
301185,鸥玛软件,新质生产力-AI,17.24,2.93,2.17052,0.49,17.24,16.65,23.92,1.04,0.8,3.54,27.93
301185,鸥玛软件,新质生产力-AI,17.24,2.93,2.09992,0.49,17.24,16.65,23.92,1.04,0.8,3.54,27.93
301320,豪江智能,新质生产力-AI,16.08,1.64,3.94959,0.33,16.08,15.47,23.8,1.04,1.6,3.94,32.44
301320,豪江智能,新质生产力-AI,16.08,1.64,3.66905,0.33,16.08,15.47,23.8,1.04,1.6,3.94,32.44
300925,法本信息,新质生产力-AI,17.67,0.34,2.3082,0.37,17.67,16.98,28.12,1.04,3.3,4.06,37.16
300925,法本信息,新质生产力-AI,17.67,0.34,2.81076,0.37,17.67,16.98,28.12,1.04,3.3,4.06,37.16
301311,昆船智能,新质生产力-AI,16.1,1.45,0.99668,0.19,16.1,15.43,24.49,1.04,1.6,4.34,34.26
301311,昆船智能,新质生产力-AI,16.1,1.45,1.15792,0.19,16.1,15.43,24.49,1.04,1.6,4.34,34.26
300605,恒锋信息,新质生产力-AI,12.26,1.83,5.61373,0.48,12.26,11.7,20.38,1.05,1.2,4.79,39.84
300605,恒锋信息,新质生产力-AI,12.26,1.83,4.82872,0.48,12.26,11.7,20.38,1.05,1.2,4.79,39.84
002065,东华软件,新质生产力-AI,8.05,0.37,1.27591,0.51,8.05,7.66,12.35,1.05,4.5,5.09,34.82
002065,东华软件,新质生产力-AI,8.05,0.37,1.26427,0.51,8.05,7.66,12.35,1.05,4.5,5.09,34.82
300188,国投智能,新质生产力-AI,11.58,-4.22,2.52763,0.63,11.58,11.0,19.94,1.05,0.4,5.27,41.93
300188,国投智能,新质生产力-AI,11.58,-4.22,1.60111,0.63,11.58,11.0,19.94,1.05,0.4,5.27,41.93
300543,朗科智能,新质生产力-AI,9.39,2.29,6.66612,0.43,9.39,8.83,14.95,1.06,2.5,6.34,37.19
300543,朗科智能,新质生产力-AI,9.39,2.29,5.33064,0.43,9.39,8.83,14.95,1.06,2.5,6.34,37.19
603656,泰禾智能,新质生产力-AI,18.72,1.08,1.75402,0.87,18.72,17.6,26.5,1.06,14.4,6.36,29.36
603656,泰禾智能,新质生产力-AI,18.72,1.08,1.63644,0.87,18.72,17.6,26.5,1.06,14.4,6.36,29.36
300306,远方信息,新质生产力-AI,12.24,3.03,2.39922,0.49,12.24,11.43,15.68,1.07,13.2,7.09,21.94
300306,远方信息,新质生产力-AI,12.24,3.03,2.53424,0.49,12.24,11.43,15.68,1.07,13.2,7.09,21.94
300380,安硕信息,新质生产力-AI,35.26,-2.65,2.61176,0.44,35.26,32.8,61.23,1.07,8.2,7.5,42.41
300380,安硕信息,新质生产力-AI,35.26,-2.65,2.16085,0.44,35.26,32.8,61.23,1.07,8.2,7.5,42.41
300996,普联软件,新质生产力-AI,13.1,2.75,3.03293,0.82,13.1,12.18,22.99,1.08,4.9,7.55,43.02
300996,普联软件,新质生产力-AI,13.1,2.75,3.55273,0.82,13.1,12.18,22.99,1.08,4.9,7.55,43.02
002178,延华智能,新质生产力-AI,5.79,1.05,10.4298,0.53,5.79,5.37,8.2,1.08,4.1,7.82,29.39
002178,延华智能,新质生产力-AI,5.79,1.05,5.03147,0.53,5.79,5.37,8.2,1.08,4.1,7.82,29.39
300168,万达信息,新质生产力-AI,5.64,0.89,1.2614,0.81,5.64,5.2,8.86,1.08,10.7,8.46,36.34
300168,万达信息,新质生产力-AI,5.64,0.89,1.3538,0.81,5.64,5.2,8.86,1.08,10.7,8.46,36.34
600756,浪潮软件,新质生产力-AI,15.23,-4.09,2.25484,0.73,15.23,13.97,26.21,1.09,20.2,9.02,41.89
600756,浪潮软件,新质生产力-AI,15.23,-4.09,2.3577,0.73,15.23,13.97,26.21,1.09,20.2,9.02,41.89
600536,中国软件,新质生产力-AI,38.57,-4.03,1.62164,0.9,38.57,35.24,56.74,1.09,12.4,9.45,32.02
600536,中国软件,新质生产力-AI,38.57,-4.03,1.67131,0.9,38.57,35.24,56.74,1.09,12.4,9.45,32.02
002232,启明信息,新质生产力-AI,17.64,0.4,1.23376,0.87,17.64,16.1,28.16,1.1,12.3,9.57,37.36
002232,启明信息,新质生产力-AI,17.64,0.4,1.69351,0.87,17.64,16.1,28.16,1.1,12.3,9.57,37.36
300793,佳禾智能,新质生产力-AI,14.71,1.8,2.80159,0.44,14.71,13.41,20.67,1.1,15.2,9.69,28.83
300793,佳禾智能,新质生产力-AI,14.71,1.8,2.57011,0.44,14.71,13.41,20.67,1.1,15.2,9.69,28.83
301135,瑞德智能,新质生产力-AI,26.95,3.06,3.10132,0.44,26.95,24.2,34.22,1.11,23.5,11.36,21.24
301135,瑞德智能,新质生产力-AI,26.95,3.06,2.10405,0.44,26.95,24.2,34.22,1.11,23.5,11.36,21.24
300466,赛摩智能,新质生产力-AI,9.14,2.24,1.9682,0.6,9.14,8.2,11.51,1.11,14.8,11.46,20.59
300466,赛摩智能,新质生产力-AI,9.14,2.24,1.76751,0.6,9.14,8.2,11.51,1.11,14.8,11.46,20.59
003028,振邦智能,新质生产力-AI,28.75,2.5,11.0377,1.09,28.75,25.15,42.04,1.14,15.6,14.31,31.61
003028,振邦智能,新质生产力-AI,28.75,2.5,10.7207,1.09,28.75,25.15,42.04,1.14,15.6,14.31,31.61
300339,润和软件,新质生产力-AI,42.85,0.35,7.216,0.84,42.85,37.46,72.89,1.14,10.7,14.39,41.21
300339,润和软件,新质生产力-AI,42.85,0.35,4.54112,0.84,42.85,37.46,72.89,1.14,10.7,14.39,41.21
600845,宝信软件,新质生产力-AI,22.55,-5.69,1.4714,1.9,22.55,19.61,26.68,1.15,21.5,14.99,15.48
600845,宝信软件,新质生产力-AI,22.55,-5.69,0.83081,1.9,22.55,19.61,26.68,1.15,21.5,14.99,15.48
002153,石基信息,新质生产力-AI,8.82,0.68,1.43036,0.77,8.82,7.63,16.78,1.16,12.8,15.6,47.44
002153,石基信息,新质生产力-AI,8.82,0.68,1.37982,0.77,8.82,7.63,16.78,1.16,12.8,15.6,47.44
002279,久其软件,新质生产力-AI,7.09,-0.42,2.40626,0.57,7.09,6.02,11.31,1.18,28.4,17.77,37.31
002279,久其软件,新质生产力-AI,7.09,-0.42,2.99518,0.57,7.09,6.02,11.31,1.18,28.4,17.77,37.31
603383,顶点软件,新质生产力-AI,32.8,-1.35,3.14692,0.99,32.8,27.76,49.27,1.18,15.2,18.16,33.43
603383,顶点软件,新质生产力-AI,32.8,-1.35,4.47424,0.99,32.8,27.76,49.27,1.18,15.2,18.16,33.43
301368,丰立智能,新质生产力-AI,55.04,-2.03,8.54181,0.96,55.04,46.4,85.5,1.19,17.3,18.62,35.63
301368,丰立智能,新质生产力-AI,55.04,-2.03,6.06848,0.96,55.04,46.4,85.5,1.19,17.3,18.62,35.63
300911,亿田智能,新质生产力-AI,31.71,1.34,4.74856,2.22,31.71,26.26,63.05,1.21,9.1,20.75,49.71
300911,亿田智能,新质生产力-AI,31.71,1.34,3.10464,2.22,31.71,26.26,63.05,1.21,9.1,20.75,49.71
603636,南威软件,新质生产力-AI,11.01,-0.18,4.54257,2.36,11.01,8.71,15.02,1.26,19.8,26.41,26.7
603636,南威软件,新质生产力-AI,11.01,-0.18,5.8125,2.36,11.01,8.71,15.02,1.26,19.8,26.41,26.7
002097,山河智能,新质生产力-AI,9.12,-0.11,2.0862,0.16,9.12,7.09,20.98,1.29,17.7,28.63,56.53
002097,山河智能,新质生产力-AI,9.12,-0.11,1.64374,0.16,9.12,7.09,20.98,1.29,17.7,28.63,56.53
002031,巨轮智能,新质生产力-AI,7.4,1.93,16.9443,4.59,7.4,5.41,9.96,1.37,27.6,36.78,25.7
002031,巨轮智能,新质生产力-AI,7.4,1.93,14.9615,4.59,7.4,5.41,9.96,1.37,27.6,36.78,25.7
600271,航天信息,"新质生产力-AI, 高端制造-军工, 商业航天",7.91,-3.18,0.82803,1.2,7.91,7.9,13.99,1.0,0.4,0.13,43.46
600271,航天信息,"新质生产力-AI, 高端制造-军工, 商业航天",7.91,-3.18,0.97485,1.2,7.91,7.9,13.99,1.0,0.4,0.13,43.46
300968,格林精密,新质生产力-机器人,12.12,2.19,1.43171,0.71,12.12,11.0,17.07,1.1,11.9,10.18,29.0
300968,格林精密,新质生产力-机器人,12.12,2.19,1.7328,0.71,12.12,11.0,17.07,1.1,11.9,10.18,29.0
001306,夏厦精密,新质生产力-机器人,72.85,0.4,7.93279,0.74,72.85,63.66,112.98,1.14,22.6,14.44,35.52
001306,夏厦精密,新质生产力-机器人,72.85,0.4,6.65881,0.74,72.85,63.66,112.98,1.14,22.6,14.44,35.52
300024,机器人,新质生产力-机器人,16.27,-0.79,6.14683,1.8,16.27,14.13,22.0,1.15,20.2,15.15,26.05
300024,机器人,新质生产力-机器人,16.27,-0.79,3.93456,1.8,16.27,14.13,22.0,1.15,20.2,15.15,26.05
300549,优德精密,新质生产力-机器人,17.95,3.16,3.12298,0.56,17.95,15.53,24.0,1.16,24.7,15.58,25.21
300549,优德精密,新质生产力-机器人,17.95,3.16,3.17869,0.56,17.95,15.53,24.0,1.16,24.7,15.58,25.21
300685,艾德生物,生物医药,18.96,-0.84,1.33502,0.72,18.96,18.92,26.15,1.0,0.4,0.21,27.5
300685,艾德生物,生物医药,18.96,-0.84,6.73539,0.72,18.96,18.92,26.15,1.0,0.4,0.21,27.5
603392,万泰生物,生物医药,36.65,-3.37,0.36744,0.91,36.65,36.54,80.0,1.0,0.4,0.3,54.19
603392,万泰生物,生物医药,36.65,-3.37,0.35632,0.91,36.65,36.54,80.0,1.0,0.4,0.3,54.19
300009,安科生物,生物医药,8.19,-0.85,0.88059,0.24,8.19,8.16,13.06,1.0,0.4,0.37,37.29
300119,瑞普生物,生物医药,16.49,-1.73,0.75881,0.21,16.49,16.43,26.6,1.0,0.4,0.37,38.01
300119,瑞普生物,生物医药,16.49,-1.73,0.97458,0.21,16.49,16.43,26.6,1.0,0.4,0.37,38.01
300009,安科生物,生物医药,8.19,-0.85,0.93761,0.24,8.19,8.16,13.06,1.0,0.4,0.37,37.29
300138,晨光生物,生物医药,10.49,-0.19,1.22722,0.38,10.49,10.45,15.8,1.0,0.4,0.38,33.61
603983,丸美生物,生物医药,23.79,-2.02,0.38752,0.47,23.79,23.7,54.27,1.0,0.4,0.38,56.16
603983,丸美生物,生物医药,23.79,-2.02,0.50307,0.47,23.79,23.7,54.27,1.0,0.4,0.38,56.16
300138,晨光生物,生物医药,10.49,-0.19,1.1564,0.38,10.49,10.45,15.8,1.0,0.4,0.38,33.61
002019,亿帆医药,生物医药,10.3,-0.77,0.98773,0.36,10.3,10.26,16.66,1.0,0.4,0.39,38.18
002019,亿帆医药,生物医药,10.3,-0.77,1.10909,0.36,10.3,10.26,16.66,1.0,0.4,0.39,38.18
300122,智飞生物,生物医药,14.06,-2.97,1.52489,0.44,14.06,14.0,26.0,1.0,0.4,0.43,45.92
300122,智飞生物,生物医药,14.06,-2.97,2.15962,0.44,14.06,14.0,26.0,1.0,0.4,0.43,45.92
603658,安图生物,生物医药,32.5,-1.9,0.40431,1.36,32.5,32.32,42.75,1.01,0.4,0.56,23.98
603658,安图生物,生物医药,32.5,-1.9,0.35361,1.36,32.5,32.32,42.75,1.01,0.4,0.56,23.98
301301,川宁生物,生物医药,9.27,0.43,2.05524,0.28,9.27,9.21,13.47,1.01,0.8,0.65,31.18
002007,华兰生物,生物医药,13.86,-0.5,0.55907,0.56,13.86,13.77,18.39,1.01,0.4,0.65,24.63
002007,华兰生物,生物医药,13.86,-0.5,0.69112,0.56,13.86,13.77,18.39,1.01,0.4,0.65,24.63
301301,川宁生物,生物医药,9.27,0.43,1.46082,0.28,9.27,9.21,13.47,1.01,0.8,0.65,31.18
600833,第一医药,生物医药,11.16,-2.62,1.96377,0.37,11.16,11.05,16.05,1.01,0.8,1.0,30.47
600833,第一医药,生物医药,11.16,-2.62,1.59039,0.37,11.16,11.05,16.05,1.01,0.8,1.0,30.47
300463,迈克生物,生物医药,9.85,-0.3,1.35458,0.87,9.85,9.74,14.2,1.01,0.4,1.13,30.63
300463,迈克生物,生物医药,9.85,-0.3,1.6464,0.87,9.85,9.74,14.2,1.01,0.4,1.13,30.63
300294,博雅生物,生物医药,15.67,-2.18,0.9063,1.2,15.67,15.48,27.99,1.01,0.4,1.23,44.02
300294,博雅生物,生物医药,15.67,-2.18,1.43012,1.2,15.67,15.48,27.99,1.01,0.4,1.23,44.02
600196,复星医药,生物医药,23.71,-1.29,0.54632,0.52,23.71,23.42,33.1,1.01,1.7,1.24,28.37
600196,复星医药,生物医药,23.71,-1.29,1.07408,0.52,23.71,23.42,33.1,1.01,1.7,1.24,28.37
601607,上海医药,生物医药,16.44,-0.36,0.20371,0.59,16.44,16.23,19.68,1.01,1.2,1.29,16.46
601607,上海医药,生物医药,16.44,-0.36,0.40586,0.59,16.44,16.23,19.68,1.01,1.2,1.29,16.46
300841,康华生物,生物医药,51.5,-1.89,1.9118,0.35,51.5,50.83,94.3,1.01,0.4,1.32,45.39
300401,花园生物,生物医药,13.05,1.24,2.25487,0.42,13.05,12.88,19.67,1.01,1.2,1.32,33.66
300401,花园生物,生物医药,13.05,1.24,2.53231,0.42,13.05,12.88,19.67,1.01,1.2,1.32,33.66
300841,康华生物,生物医药,51.5,-1.89,3.03853,0.35,51.5,50.83,94.3,1.01,0.4,1.32,45.39
600216,浙江医药,生物医药,13.66,-1.37,1.08971,0.46,13.66,13.48,18.58,1.01,1.7,1.34,26.48
600216,浙江医药,生物医药,13.66,-1.37,1.70823,0.46,13.66,13.48,18.58,1.01,1.7,1.34,26.48
002688,金河生物,生物医药,5.64,-0.53,1.02944,0.15,5.64,5.56,8.06,1.01,0.8,1.44,30.02
002688,金河生物,生物医药,5.64,-0.53,1.07295,0.15,5.64,5.56,8.06,1.01,0.8,1.44,30.02
600056,中国医药,生物医药,9.9,-0.5,0.77543,1.1,9.9,9.75,12.48,1.02,0.8,1.54,20.67
600056,中国医药,生物医药,9.9,-0.5,1.40695,1.1,9.9,9.75,12.48,1.02,0.8,1.54,20.67
300347,泰格医药,生物医药,42.32,-6.93,3.32151,1.09,42.32,41.61,71.9,1.02,0.4,1.71,41.14
300347,泰格医药,生物医药,42.32,-6.93,3.70113,1.09,42.32,41.61,71.9,1.02,0.4,1.71,41.14
300238,冠昊生物,生物医药,12.89,1.58,1.47699,0.18,12.89,12.63,19.98,1.02,0.8,2.06,35.49
300238,冠昊生物,生物医药,12.89,1.58,1.59244,0.18,12.89,12.63,19.98,1.02,0.8,2.06,35.49
600276,恒瑞医药,生物医药,51.45,0.98,1.1189,1.52,51.45,50.38,74.04,1.02,0.8,2.12,30.51
300239,东宝生物,生物医药,5.25,1.94,1.35882,0.6,5.25,5.12,6.82,1.03,1.2,2.54,23.02
300239,东宝生物,生物医药,5.25,1.94,1.39007,0.6,5.25,5.12,6.82,1.03,1.2,2.54,23.02
300653,正海生物,生物医药,16.82,1.57,0.92213,0.54,16.82,16.4,23.95,1.03,0.8,2.56,29.77
300653,正海生物,生物医药,16.82,1.57,0.65389,0.54,16.82,16.4,23.95,1.03,0.8,2.56,29.77
600789,鲁抗医药,生物医药,8.11,-1.34,1.23027,0.22,8.11,7.87,11.37,1.03,2.5,3.05,28.67
600789,鲁抗医药,生物医药,8.11,-1.34,1.60355,0.22,8.11,7.87,11.37,1.03,2.5,3.05,28.67
300601,康泰生物,生物医药,13.4,-0.3,1.25486,0.69,13.4,13.0,21.12,1.03,0.8,3.08,36.55
300601,康泰生物,生物医药,13.4,-0.3,1.61113,0.69,13.4,13.0,21.12,1.03,0.8,3.08,36.55
300942,易瑞生物,生物医药,7.23,1.83,1.14049,0.39,7.23,7.0,14.15,1.03,0.8,3.29,48.9
300942,易瑞生物,生物医药,7.23,1.83,1.38662,0.39,7.23,7.0,14.15,1.03,0.8,3.29,48.9
603079,圣达生物,生物医药,14.98,-0.86,1.28166,0.46,14.98,14.5,22.0,1.03,0.4,3.31,31.91
603079,圣达生物,生物医药,14.98,-0.86,1.32605,0.46,14.98,14.5,22.0,1.03,0.4,3.31,31.91
300482,万孚生物,生物医药,17.95,0.17,2.32797,0.53,17.95,17.33,26.29,1.04,5.3,3.58,31.72
300482,万孚生物,生物医药,17.95,0.17,1.50964,0.53,17.95,17.33,26.29,1.04,5.3,3.58,31.72
600161,天坛生物,生物医药,13.64,3.26,0.39961,0.58,13.64,13.15,22.08,1.04,1.7,3.73,38.22
600161,天坛生物,生物医药,13.64,3.26,0.4,0.58,13.64,13.15,22.08,1.04,1.7,3.73,38.22
600713,南京医药,生物医药,5.0,-1.96,0.74223,1.03,5.0,4.81,6.65,1.04,9.9,3.95,24.81
600713,南京医药,生物医药,5.0,-1.96,0.86971,1.03,5.0,4.81,6.65,1.04,9.9,3.95,24.81
300439,美康生物,生物医药,9.44,-0.32,1.43501,0.85,9.44,9.08,12.2,1.04,1.2,3.96,22.62
300439,美康生物,生物医药,9.44,-0.32,1.32678,0.85,9.44,9.08,12.2,1.04,1.2,3.96,22.62
002880,卫光生物,生物医药,26.14,-0.49,0.50516,0.93,26.14,25.03,33.79,1.04,18.1,4.43,22.64
002880,卫光生物,生物医药,26.14,-0.49,0.44868,0.93,26.14,25.03,33.79,1.04,18.1,4.43,22.64
002022,科华生物,生物医药,5.67,1.43,2.09844,0.61,5.67,5.37,8.45,1.06,1.2,5.59,32.9
002022,科华生物,生物医药,5.67,1.43,1.81633,0.61,5.67,5.37,8.45,1.06,1.2,5.59,32.9
002589,瑞康医药,生物医药,2.93,0.34,2.00926,0.92,2.93,2.77,4.69,1.06,19.3,5.78,37.53
002589,瑞康医药,生物医药,2.93,0.34,2.11804,0.92,2.93,2.77,4.69,1.06,19.3,5.78,37.53
301206,三元生物,生物医药,26.15,0.81,1.10548,0.29,26.15,24.5,34.69,1.07,6.2,6.73,24.62
301206,三元生物,生物医药,26.15,0.81,1.08633,0.29,26.15,24.5,34.69,1.07,6.2,6.73,24.62
301520,万邦医药,生物医药,40.49,1.48,2.90136,0.22,40.49,37.83,50.83,1.07,11.5,7.03,20.34
301520,万邦医药,生物医药,40.49,1.48,3.35127,0.22,40.49,37.83,50.83,1.07,11.5,7.03,20.34
300233,金城医药,生物医药,14.4,-1.23,1.94189,0.36,14.4,13.45,22.47,1.07,7.8,7.06,35.91
300233,金城医药,生物医药,14.4,-1.23,2.4415,0.36,14.4,13.45,22.47,1.07,7.8,7.06,35.91
300298,三诺生物,生物医药,16.45,-0.24,0.8038,0.73,16.45,15.3,23.96,1.08,11.5,7.52,31.34
300298,三诺生物,生物医药,16.45,-0.24,1.05176,0.73,16.45,15.3,23.96,1.08,11.5,7.52,31.34
603363,傲农生物,生物医药,3.39,2.11,1.70789,3.08,3.39,3.12,6.2,1.09,5.3,8.65,45.32
603363,傲农生物,生物医药,3.39,2.11,2.04767,3.08,3.39,3.12,6.2,1.09,5.3,8.65,45.32
300529,健帆生物,生物医药,18.79,0.54,0.87975,0.57,18.79,17.27,24.98,1.09,13.2,8.8,24.78
300529,健帆生物,生物医药,18.79,0.54,1.03953,0.57,18.79,17.27,24.98,1.09,13.2,8.8,24.78
301331,恩威医药,生物医药,26.29,2.38,6.25132,0.27,26.29,24.1,39.66,1.09,7.4,9.09,33.71
301331,恩威医药,生物医药,26.29,2.38,4.26511,0.27,26.29,24.1,39.66,1.09,7.4,9.09,33.71
603739,蔚蓝生物,生物医药,13.86,0.29,1.85539,0.9,13.86,12.63,18.41,1.1,22.6,9.74,24.71
603739,蔚蓝生物,生物医药,13.86,0.29,1.72415,0.9,13.86,12.63,18.41,1.1,22.6,9.74,24.71
600721,百花医药,生物医药,7.68,-1.03,2.2456,0.31,7.68,6.92,12.6,1.11,12.9,10.98,39.05
600721,百花医药,生物医药,7.68,-1.03,1.83205,0.31,7.68,6.92,12.6,1.11,12.9,10.98,39.05
300583,赛托生物,生物医药,14.35,2.06,2.12953,0.8,14.35,12.82,19.78,1.12,20.6,11.93,27.45
300583,赛托生物,生物医药,14.35,2.06,2.48931,0.8,14.35,12.82,19.78,1.12,20.6,11.93,27.45
603717,天域生物,生物医药,7.05,2.92,3.67508,1.7,7.05,6.26,11.17,1.13,20.2,12.62,36.88
603717,天域生物,生物医药,7.05,2.92,3.03523,1.7,7.05,6.26,11.17,1.13,20.2,12.62,36.88
300406,九强生物,生物医药,12.86,0.7,1.05519,0.54,12.86,11.34,16.05,1.13,18.9,13.4,19.88
300406,九强生物,生物医药,12.86,0.7,1.04546,0.54,12.86,11.34,16.05,1.13,18.9,13.4,19.88
605507,国邦医药,生物医药,22.38,0.99,0.32296,0.67,22.38,19.46,29.98,1.15,25.1,15.01,25.35
605507,国邦医药,生物医药,22.38,0.99,0.50377,0.67,22.38,19.46,29.98,1.15,25.1,15.01,25.35
300357,我武生物,生物医药,23.39,-0.93,1.16608,0.64,23.39,19.27,35.84,1.21,16.0,21.38,34.74
300357,我武生物,生物医药,23.39,-0.93,1.303,0.64,23.39,19.27,35.84,1.21,16.0,21.38,34.74
300813,泰林生物,生物医药,23.77,1.67,3.19686,0.72,23.77,18.41,42.25,1.29,20.2,29.11,43.74
300813,泰林生物,生物医药,23.77,1.67,3.30945,0.72,23.77,18.41,42.25,1.29,20.2,29.11,43.74
300149,睿智医药,生物医药,9.0,-1.1,2.44051,0.13,9.0,6.72,15.28,1.34,2.9,33.93,41.1
300149,睿智医药,生物医药,9.0,-1.1,1.73386,0.13,9.0,6.72,15.28,1.34,2.9,33.93,41.1
002928,华夏航空,高端制造-军工,7.18,-2.58,5.91423,1.84,7.18,7.11,12.48,1.01,0.4,0.98,42.47
002928,华夏航空,高端制造-军工,7.18,-2.58,2.72029,1.84,7.18,7.11,12.48,1.01,0.4,0.98,42.47
600029,南方航空,高端制造-军工,5.37,1.51,1.30787,2.34,5.37,5.19,8.46,1.03,2.1,3.47,36.52
600029,南方航空,高端制造-军工,5.37,1.51,0.88094,2.34,5.37,5.19,8.46,1.03,2.1,3.47,36.52
300581,晨曦航空,高端制造-军工,12.06,2.29,1.9836,0.11,12.06,11.64,25.77,1.04,1.2,3.61,53.2
300581,晨曦航空,高端制造-军工,12.06,2.29,1.41754,0.11,12.06,11.64,25.77,1.04,1.2,3.61,53.2
600316,洪都航空,高端制造-军工,31.16,-2.2,1.41658,0.67,31.16,29.5,47.66,1.06,3.3,5.63,34.62
600316,洪都航空,高端制造-军工,31.16,-2.2,1.94023,0.67,31.16,29.5,47.66,1.06,3.3,5.63,34.62
601021,春秋航空,高端制造-军工,46.43,-2.91,0.8587,2.19,46.43,43.08,60.48,1.08,6.6,7.78,23.23
601021,春秋航空,高端制造-军工,46.43,-2.91,0.84841,2.19,46.43,43.08,60.48,1.08,6.6,7.78,23.23
603885,吉祥航空,高端制造-军工,11.44,-0.44,0.86517,1.64,11.44,10.52,15.97,1.09,4.5,8.75,28.37
603885,吉祥航空,高端制造-军工,11.44,-0.44,1.00177,1.64,11.44,10.52,15.97,1.09,4.5,8.75,28.37
002389,航天彩虹,"高端制造-军工, 商业航天",20.36,-0.97,1.75794,0.3,20.36,20.22,29.85,1.01,0.4,0.69,31.79
002389,航天彩虹,"高端制造-军工, 商业航天",20.36,-0.97,2.67717,0.3,20.36,20.22,29.85,1.01,0.4,0.69,31.79
600501,航天晨光,"高端制造-军工, 商业航天",21.18,-4.21,2.012,0.5,21.18,18.01,39.97,1.18,23.1,17.6,47.01
600501,航天晨光,"高端制造-军工, 商业航天",21.18,-4.21,1.93624,0.5,21.18,18.01,39.97,1.18,23.1,17.6,47.01
