code,name,price,pct_change,turnover,amount,pe,market_cap,score
002432,九安医疗,70.9,5.837,8.41391,2769285331,13.558,3303188,84.33882
600063,皖维高新,8.25,5.769,8.9957,1525826058,39.286,1707013,80.2984
600909,华安证券,8.39,5.402,6.96138,2858960517,18.644,4215312,80.12876
600459,贵研铂业,27.68,6.503,13.0322,2641832832,32.952,2278834,78.44460000000001
601696,中银证券,13.3,4.807,9.05779,3302606783,35.0,3694740,77.53658
600141,兴发集团,39.13,5.075,8.42261,4003672430,28.985,4702408,77.07022
600563,法拉电子,168.29,6.987,5.70511,2147745164,31.753,3786525,76.41022000000001
603283,赛腾股份,57.33,3.765,9.7211,1943814398,32.76,2021033,75.7372
000690,宝新能源,5.6,4.869,7.88043,963204502,11.915,1218497,75.36786000000001
000712,锦龙股份,9.55,6.585,7.04103,602264998,29.844,855680,73.83706000000001
920186,中科仪,91.32,4.247,8.03659,847204676,18.599,2044099,73.81418
002709,天赐材料,52.28,6.65,9.38949,7209801101,73.634,10657601,73.72898
300763,锦浪科技,93.06,6.72,6.82554,2021570668,49.5,3704359,73.65108000000001
002245,蔚蓝锂芯,20.98,4.586,7.40832,2448882967,34.036,3582628,73.57464
300562,乐心医疗,12.78,8.766,10.9992,226391751,33.899,279388,73.0016
600366,宁波韵升,14.39,8.277,13.6405,2141547932,46.812,1581520,72.719
000733,振华科技,56.34,8.597,16.1648,5029969234,30.447,3122191,72.6704
300401,花园生物,15.59,6.127,15.3897,1287872845,27.839,847605,72.6016
002443,金洲管道,11.7,7.834,8.61244,508885305,41.387,609027,72.22488
600338,西藏珠峰,18.43,2.789,10.9343,1820182870,32.905,1684889,71.4984
601958,金钼股份,28.88,2.886,8.82815,8140625409,29.469,9318434,71.3143
605589,圣泉集团,67.06,4.536,11.3617,6370102075,56.353,5675881,70.8846
600961,株冶集团,27.16,2.182,10.4054,2111462700,27.434,2913922,70.73519999999999
603890,春秋电子,24.96,3.183,12.141,1344821777,39.0,1115289,70.267
600522,中天科技,54.15,5.453,9.30521,17060543680,63.186,18481122,69.96942
000021,深科技,40.77,3.294,9.93152,6337496118,56.219,6418706,69.74504
300037,新宙邦,80.4,3.903,8.75917,3825457573,55.068,6061247,69.22734
002171,楚江新材,14.34,4.139,11.6305,2669154874,57.36,2327293,69.156
300641,正丹股份,18.63,4.253,5.62288,539492133,13.699,979090,69.00476
600378,昊华科技,58.0,3.074,10.1466,6460086226,51.795,7481998,68.9288
000725,京东方Ａ,6.1,3.041,7.35948,15822472936,38.125,22597040,68.84196
603373,安邦护卫,38.5,6.295,12.6126,307019626,32.627,579570,68.65979999999999
300121,阳谷华泰,12.04,5.337,8.72917,442082915,26.756,536065,68.46934
603267,鸿远电子,72.23,5.569,11.7251,1953307391,66.88,1669097,68.2568
920491,奥迪威,31.96,6.533,9.18592,333128401,47.701,451094,67.97084
300041,回天新材,14.31,2.802,10.2748,794945343,35.964,800551,67.85640000000001
000700,模塑科技,16.11,1.705,11.3373,1690308558,30.627,1478923,67.4404
300286,安科瑞,29.27,6.63,6.16966,376902641,34.035,734047,67.22932
002155,湖南黄金,26.6,3.704,5.48528,2244554608,28.0,4156653,67.08256
600176,中国巨石,49.64,8.455,6.03809,11763683957,60.441,19871571,67.07618
002158,汉钟精机,30.53,6.562,3.63413,584669042,34.828,1632513,66.95426
601678,滨化股份,6.17,2.662,9.40202,1175401938,56.091,1269068,66.79004
002056,横店东磁,26.25,3.143,6.16795,2616301760,22.629,4270119,66.7649
605168,三人行,49.49,7.005,5.65747,587481241,54.989,1043333,66.31494
300001,特锐德,39.01,4.361,4.10752,1627777316,32.508,4117653,66.29804
603733,仙鹤股份,29.13,6.782,3.12653,631772575,20.371,2061601,66.25306
603290,XD斯达半,124.45,7.017,5.59809,1660981693,73.639,2980247,66.19618
603806,福斯特,17.39,6.687,2.84471,1263600102,57.967,4536608,65.68942
300224,正海磁材,13.44,4.673,5.64733,698044288,37.333,1250861,65.31366
301580,爱迪特,46.78,7.664,17.4268,794391002,25.424,697912,65.1464
300416,苏试试验,18.94,3.272,7.6093,735873119,37.416,963190,65.0346
001393,维通利,61.1,6.818,19.0729,556727904,37.95,1523427,65.0
000600,建投能源,10.51,2.637,5.97026,685465556,10.115,1895199,64.85152
603757,大元泵业,54.67,8.279,7.4022,733330839,64.318,1019854,64.8044
300547,川环科技,36.37,2.595,8.4998,560621919,38.544,788888,64.7846
603063,禾望电气,51.54,4.459,5.56489,1310276874,44.051,2389954,64.50677999999999
300602,飞荣达,48.4,4.041,8.51714,1616153529,76.825,2816219,64.15728
600415,小商品城,11.78,3.606,1.63562,1042000808,15.299,6459633,64.08924
000969,安泰科技,25.35,3.979,11.4382,3006925345,72.243,2663067,64.0606
002965,祥鑫科技,42.92,6.054,12.1124,984167934,73.481,1139013,63.937200000000004
301291,明阳电气,44.31,2.903,7.49191,542303853,23.569,1392502,63.69282
002897,意华股份,87.96,1.243,10.0444,1588962556,53.634,1705375,63.6402
000776,广发证券,21.5,3.217,1.96338,2469115355,12.798,16823418,63.57776
300820,英杰电气,71.1,6.23,7.42351,585229998,70.396,1580219,63.53702
301631,壹连科技,81.3,5.175,6.48065,225710547,25.327,1040481,63.4863
300207,欣旺达,21.2,3.013,4.68378,1693083079,36.552,3916620,63.40656
002429,兆驰股份,11.82,5.914,2.51757,1324734013,40.759,5350844,62.777139999999996
300035,中科电气,18.07,3.791,5.68412,594393665,26.353,1238566,62.74124
603020,爱普股份,12.63,7.581,6.32325,289608147,54.699,474431,62.6465
603588,高能环境,14.7,4.552,4.4874,995031434,26.659,2239155,62.6308
300693,盛弘股份,48.57,2.946,6.85563,885131315,31.774,1519249,62.549260000000004
301132,满坤科技,44.05,8.658,16.2517,655733321,54.383,652320,62.4966
300435,中泰股份,20.81,1.315,6.71345,515542560,17.786,802669,62.3719
600237,铜峰电子,11.42,6.929,16.3457,1160929071,60.105,720019,62.3086
600531,豫光金铅,13.66,-0.437,6.76457,1111166062,17.291,1651853,62.21814
300748,金力永磁,33.13,5.476,5.39476,2013038083,63.712,4557327,62.21752
603328,依顿电子,14.39,1.053,6.97915,1000913254,30.88,1436759,62.1173
000960,锡业股份,41.64,0.531,7.74402,5371414940,36.018,6851579,62.08104
603662,柯力传感,69.16,3.844,5.18858,1004257697,57.157,1942219,61.90916
002415,海康威视,32.2,4.852,1.16937,3343731925,20.828,29510886,61.89474
002273,水晶光电,35.87,4.092,4.80817,2335857111,41.709,4988198,61.89234
002463,沪电股份,140.64,5.144,5.72857,15332666434,70.762,27064249,61.88914
300373,扬杰科技,108.8,3.471,5.73727,3420000401,46.695,5911624,61.88754
000063,中兴通讯,38.0,2.096,5.28567,8030855249,32.479,18177433,61.85934
300303,聚飞光电,9.31,3.79,7.6419,938015488,42.318,1319046,61.653800000000004
603799,华友钴业,53.0,1.049,4.01067,4032518730,15.868,10052656,61.16834
003019,宸展光电,33.14,5.04,5.47726,302034655,29.327,586420,61.07452
000833,粤桂股份,23.19,-1.109,10.398,1078877514,38.753,1860029,60.877
000060,中金岭南,8.02,1.263,6.01339,2133339521,38.19,3561820,60.815780000000004
300274,阳光电源,152.49,2.274,4.41697,10759046888,23.281,31614401,60.65594
605020,永和股份,35.32,-0.282,8.22564,1454316363,29.19,1804212,60.60528
000920,沃顿科技,14.35,1.557,7.92792,537962610,30.532,678211,60.52684
002457,青龙管业,13.34,2.773,13.9518,609342597,34.205,444871,60.4154
002074,国轩高科,30.29,3.203,2.87138,1505535802,22.947,5495276,60.35176
603730,岱美股份,14.15,4.197,3.84878,1120582560,45.645,3040249,60.288560000000004
300163,先锋新材,6.33,4.975,7.6618,220471229,42.944,300042,60.248599999999996
600999,招商证券,18.93,2.324,1.61778,2256995572,14.022,16462525,60.20756
600863,华能蒙电,5.72,0.882,3.76556,1415927268,16.824,4481728,60.17712
300433,蓝思科技,48.35,5.154,4.84247,11697048307,61.203,25522712,60.14694
002768,国恩股份,77.67,2.454,6.38053,859081956,24.502,2339809,60.12306
002334,英威腾,8.61,3.986,6.5075,410291561,33.256,708380,59.973
002913,奥士康,65.79,6.837,4.96653,962122265,67.825,2087915,59.93306
300174,元力股份,26.27,1.507,12.3404,1173059567,41.573,956781,59.840199999999996
002518,科士达,50.85,4.094,3.73077,1062556067,48.429,2960615,59.743539999999996
300073,当升科技,52.98,3.984,3.86537,1030914197,43.756,2883668,59.682739999999995
603181,皇马科技,16.4,5.67,3.82655,360211929,21.579,965468,59.6631
603093,南华期货,21.65,2.948,5.39837,712777188,27.063,1553874,59.64074
002202,金风科技,21.77,2.015,4.29109,3155651562,34.181,9195188,59.627179999999996
300258,精锻科技,12.94,6.942,4.78032,347426841,54.256,757051,59.56064
300811,铂科新材,95.6,3.958,6.33653,2011313959,65.931,3879864,59.54706
603067,振华股份,35.75,4.106,3.47288,924503578,38.441,2701003,59.26376
002600,领益智造,15.69,4.322,3.12606,3483331043,47.545,11466564,59.21812
002106,莱宝高科,13.54,1.196,7.74368,735219195,38.986,955675,59.07536
601609,金田股份,12.71,0.793,5.82743,1277886044,25.42,2197099,59.03386
301358,湖南裕能,75.1,3.387,4.40806,2520327346,44.702,6333485,58.97712
301210,金杨精密,31.27,6.252,12.398,231160730,69.489,501759,58.96
002643,万润股份,16.9,4.839,4.52209,678423169,54.516,1547871,58.56118
002015,协鑫能科,18.93,3.669,6.25024,1898914334,74.061,3072953,58.50748
300990,同飞股份,91.6,3.386,9.12792,685390826,61.477,1568344,58.41384
002669,康达新材,17.11,5.098,16.0028,820783431,40.164,519117,58.288399999999996
002156,通富微电,62.93,2.259,8.22051,7820788722,78.663,9550237,58.21802
300456,赛微电子,41.0,1.335,4.59996,1119652301,20.375,3002074,58.20492
600416,湘电股份,10.77,7.808,4.06647,636294101,67.313,1589418,58.13294
603082,北自科技,35.51,4.441,10.1064,141784193,33.5,588326,58.1102
002487,大金重工,60.2,1.483,4.29544,1636898122,34.798,4441315,58.03988
300545,联得装备,37.21,4.935,13.3963,587859656,61.0,690102,58.0124
600030,中信证券,27.25,1.452,1.81004,5969042188,13.903,40385990,57.976079999999996
300724,捷佳伟创,73.67,1.726,3.85537,818010962,9.797,2565867,57.88874
300727,润禾材料,34.05,6.573,4.0758,220274790,50.074,613364,57.8706
000795,英洛华,9.67,4.203,5.12901,549124159,42.45,1079414,57.867020000000004
603225,新凤鸣,21.75,1.874,3.53312,1283619766,31.522,3648549,57.68824
003025,思进智能,17.43,2.953,15.5975,634556885,32.278,494931,57.664
300444,双杰电气,13.52,2.892,6.98928,591041756,58.226,1087846,57.654560000000004
000887,中鼎股份,22.35,0.0,3.81341,1121624457,18.471,2942355,57.62682
002125,湘潭电化,19.9,4.188,18.3989,2322472596,55.278,1252728,57.564
601211,国泰海通,17.79,1.715,1.18335,2824626936,10.224,31361859,57.5117
300093,金刚光伏,23.95,3.233,6.40499,347565658,28.512,1293300,57.50898
600475,华光环能,16.17,6.242,1.87854,282103317,39.71,1545797,57.48308
601918,新集能源,9.45,2.273,2.82945,682761522,11.455,2448062,57.477900000000005
002696,百洋股份,5.8,7.407,8.71173,163902434,49.446,200537,57.42346
600509,天富能源,8.71,4.562,4.32821,517085078,52.031,1197100,57.342420000000004
300752,隆利科技,13.81,3.991,7.61345,229530855,51.148,445883,57.1999
002138,顺络电子,61.29,-0.016,8.61964,3952678981,47.146,4941925,57.191280000000006
600906,财达证券,7.27,-0.819,7.31929,1126646314,31.609,2359115,57.18158
301303,真兰仪表,16.23,2.527,10.2144,166904502,19.321,663482,57.1522
300508,维宏股份,56.6,5.4,7.97512,365385446,69.799,616070,57.150240000000004
002606,大连电瓷,14.14,2.612,7.09659,422337522,28.857,620850,57.02918
002430,杭氧股份,27.3,3.605,3.09071,820014633,28.144,2670919,56.99642
000783,长江证券,7.97,0.631,2.54294,1117894012,12.651,4407468,56.978880000000004
002860,星帅尔,13.92,3.035,6.27942,299861755,24.0,490186,56.66384
301107,瑜欣电子,26.3,1.193,11.0183,232690539,35.541,373957,56.5424
301683,慧谷新材,135.41,3.739,14.8799,284680146,30.986,854659,56.4572
603859,能科科技,51.2,-1.139,9.88826,1241907039,55.054,1252852,56.35952
002345,潮宏基,10.22,2.302,4.6947,413095141,18.25,908060,56.2954
000630,铜陵有色,7.57,-1.175,7.3947,6215354943,39.842,10150970,56.2644
301026,浩通科技,24.65,2.837,6.37108,248783063,22.207,546204,56.25316
000672,上峰材料,17.3,2.854,3.83938,635626600,25.592,1677054,56.24076
603088,宁波精达,10.7,5.627,4.63324,215179598,42.8,537555,56.14748
300398,飞凯材料,45.16,3.936,15.3781,3856618308,63.606,2560330,56.0518
600160,巨化股份,46.7,0.236,5.09756,6403432159,33.357,12607814,55.90312
002624,完美世界,13.32,0.833,4.19247,1026918498,34.154,2584038,55.883939999999996
002440,闰土股份,9.72,-2.605,9.34079,879212847,15.934,1092528,55.86658
600578,京能电力,8.16,-0.971,4.36173,2458608507,16.32,5462811,55.81046
603005,晶方科技,44.24,0.774,9.16172,2665150670,77.614,2885208,55.64544
301513,尚水智能,66.09,5.072,12.3314,160799761,30.883,660900,55.553200000000004
300827,上能电气,31.37,2.182,4.4916,541994715,34.098,1746341,55.5292
300059,东方财富,19.12,1.218,3.43047,8749339270,24.993,30252046,55.514939999999996
600301,华锡有色,67.21,-1.016,9.27104,1719919173,53.088,4251486,55.49408
601127,赛力斯,68.78,0.85,1.45028,1555852802,18.69,11981373,55.450559999999996
002049,紫光国微,76.71,2.608,3.79196,2469671086,44.936,6517499,55.407920000000004
603236,移远通信,57.35,1.271,3.29111,681569803,17.922,2310934,55.39522
301119,正强股份,35.42,8.75,5.19236,149952581,32.796,368368,55.38472
301297,富乐德,46.08,1.902,7.28983,1206050018,73.143,3435232,55.28566
000037,深南电A,11.69,3.36,14.9345,581817837,43.75,704629,55.211
301439,泓淋电力,17.62,0.057,9.97719,321600756,33.885,685597,55.12538
300241,瑞丰光电,6.7,3.395,9.94401,394282150,71.277,479227,55.07302
601688,华泰证券,20.45,0.442,1.79861,2688997671,11.821,18459936,54.92322
601991,大唐发电,8.7,-0.344,5.4573,5895299536,27.575,16100838,54.8826
600885,宏发股份,34.1,4.09,1.30488,677841178,28.417,5277297,54.87976
601615,明阳智能,12.66,2.344,3.87803,1106982951,41.251,2863055,54.78806
600089,特变电工,24.11,1.26,3.00364,3658614375,20.767,12182283,54.787279999999996
300773,拉卡拉,24.28,0.705,3.76248,669042867,16.079,1885742,54.63996
603977,国泰集团,13.54,4.074,3.67543,309885540,33.024,841161,54.57286
600982,宁波能源,5.74,2.135,4.00985,256499861,19.275,641518,54.4247
600529,山东药玻,18.9,3.392,2.11005,259914496,18.173,1254231,54.396100000000004
603659,璞泰来,29.68,1.783,1.98762,1259618634,26.5,6362792,54.32424
300938,信测标准,41.74,2.379,6.06915,746725431,48.813,1422758,54.2753
000539,粤电力Ａ,7.71,2.39,6.02336,1185854593,67.454,4047969,54.21672
002498,汉缆股份,7.85,4.111,3.34804,864626660,47.175,2611535,54.02908
002126,银轮股份,50.51,2.893,2.67463,1063623042,43.922,4277218,54.02826
600363,联创光电,35.27,2.202,3.70107,584186783,33.274,1590284,54.00814
300019,硅宝科技,18.62,3.444,4.3129,291295219,26.281,731983,53.9578
002236,大华股份,16.41,1.799,1.77806,690951130,13.907,5364859,53.95312
301680,固德电材,122.1,1.75,10.658,217056960,42.396,1010988,53.934
300409,道氏技术,22.3,1.92,4.0706,629465482,32.833,1744415,53.9012
002270,华明装备,21.05,2.433,3.29042,614039998,26.646,1886555,53.87984
600478,科力远,6.06,7.638,4.43761,430759447,71.886,1009318,53.87522
300228,富瑞特装,8.1,1.504,4.66557,212863057,19.713,483915,53.84314
601126,四方股份,72.07,2.372,5.79332,3445153541,72.07,6004191,53.70264
600382,广东明珠,8.35,1.582,6.97372,411652463,29.568,579831,53.69344
300913,兆龙互连,57.36,4.443,5.17822,749562371,77.514,1966193,53.68544
603379,三美股份,66.81,-0.713,2.87519,1170232033,19.65,4078610,53.61138
600573,惠泉啤酒,12.27,-0.244,9.54656,285835766,38.344,306750,53.36112
301590,优优绿能,168.64,6.532,6.87222,197647560,59.172,709184,53.34044
001210,金房能源,23.66,0.51,8.39975,265155387,27.601,519426,53.329499999999996
002340,格林美,7.63,0.66,3.17468,1229987504,24.613,3893100,53.32936
301587,中瑞股份,25.08,3.937,11.7523,216336033,72.131,369499,53.3064
600360,华微电子,11.61,3.108,6.93613,772688242,64.5,1114903,53.19626
920181,赛英电子,95.14,3.695,11.5553,109861414,34.978,411005,52.974399999999996
605117,德业股份,102.42,1.446,1.76281,2317965611,29.179,13039118,52.86362
301219,腾远钴业,59.16,-0.354,4.44823,719855397,15.692,2264830,52.83446
600839,四川长虹,7.06,2.766,2.25525,726907447,32.96,3259068,52.8085
002130,沃尔核材,20.84,1.51,4.13914,983256635,22.652,2917365,52.808279999999996
603612,索通发展,21.13,2.077,3.27339,345164090,13.993,1052495,52.77778
301538,骏鼎达,67.1,4.844,6.5831,192289841,26.964,736490,52.6982
603726,朗迪集团,28.48,2.336,5.25926,277127932,29.667,528735,52.52652
301031,中熔电气,126.97,1.43,4.07251,590707565,30.669,1855722,52.43502
300442,润泽科技,79.37,1.044,2.13829,2772043562,26.457,13026574,52.40858
002757,南兴股份,20.86,2.911,6.79295,397078190,51.354,616321,52.3189
603650,彤程新材,63.99,3.11,3.99287,1561216007,68.074,3942315,52.31574
001282,三联锻造,19.25,7.362,3.65104,102719762,39.286,427707,52.302080000000004
300809,华辰装备,32.35,3.256,6.25675,303751277,40.438,820199,52.2815
002559,亚威股份,10.31,2.485,7.37374,378661318,53.035,566808,52.20248
603500,祥和实业,13.38,-0.446,13.245,595940211,33.45,445264,52.172
605111,XD新洁能,66.33,1.515,6.28389,1753620883,69.821,2754901,52.11278
300643,万通智控,18.46,6.153,4.30921,180459673,27.147,426894,52.077420000000004
603112,华翔股份,18.75,2.627,2.04897,203657586,17.045,1012428,51.97894
301379,天山电子,25.15,-0.079,8.60662,468118162,34.628,695367,51.976240000000004
301160,翔楼新材,44.91,2.464,4.7228,231514536,24.95,739470,51.8376
300124,汇川技术,70.24,1.356,1.38463,2359469907,37.561,19018210,51.83726
600884,杉杉股份,14.07,2.626,4.47288,1148040158,67.0,3164924,51.82376
000810,创维数字,11.57,6.932,3.40984,432998966,73.414,1330776,51.81968
301328,维峰电子,59.44,8.408,3.34927,224912433,65.319,947151,51.69854
000049,德赛电池,24.47,3.907,2.48273,230937571,32.202,941210,51.68646
600776,东方通信,15.97,3.165,3.5893,546109755,56.015,2005832,51.6736
301092,争光股份,50.62,3.369,11.728,358598503,67.493,681018,51.651
603070,万控智造,17.0,5.985,4.34282,296340301,76.473,681700,51.640640000000005
002922,伊戈尔,37.56,2.483,7.09051,995446029,75.12,1587221,51.63002
002608,江苏国信,9.1,0.999,1.80189,623193198,9.922,3438053,51.60078
002706,良信股份,12.3,2.244,4.914,555938150,49.2,1381444,51.56
002970,锐明技术,67.49,1.826,5.51161,471070919,31.391,1241350,51.50122
300221,银禧科技,17.4,3.819,17.48,1366203493,72.05,824333,51.497
300127,银河磁体,29.92,3.925,4.83091,334869752,54.4,966854,51.43682
603341,龙旗科技,38.21,2.55,4.36793,442580513,30.087,1996819,51.38586
002402,和而泰,25.21,1.408,3.57495,739667618,34.869,2327865,51.3739
603090,宏盛股份,62.32,5.699,4.551,278439070,76.0,623200,51.199
300457,赢合科技,25.37,3.467,2.87159,457424278,30.202,1636820,51.14418
300623,捷捷微电,36.01,1.781,5.39882,1497234475,63.175,2996320,51.14064
300684,中石科技,57.8,1.297,6.06312,711054424,50.862,1731163,51.01724
000417,合百集团,7.6,1.74,5.34864,314682192,37.001,592712,50.91728
300919,中伟新材,49.92,2.316,1.9644,893135720,30.255,5202931,50.8768
000151,中成股份,14.41,-2.305,8.85548,394113552,13.467,505656,50.79596
600114,东睦股份,42.35,0.308,4.90612,1280800471,49.244,2673909,50.736239999999995
301029,怡合达,32.09,-0.311,5.79776,880870056,39.617,2035157,50.66252
920357,雅葆轩,21.28,3.704,12.7638,167060968,25.951,221533,50.5844
000938,紫光股份,26.78,1.133,3.58594,2721707500,45.444,7659294,50.57088
301151,冠龙节能,20.49,8.7,5.25798,178043309,57.123,346289,50.51596
000422,湖北宜化,13.73,1.328,3.14191,458013056,18.425,1493254,50.26782
300304,云意电气,16.9,0.476,4.41509,629446528,31.296,1484063,50.258179999999996
600592,龙溪股份,16.05,2.425,3.91179,245166520,38.214,641283,50.09858
603897,长城科技,38.55,2.827,3.26978,254733616,25.196,795810,50.02056
300219,鸿利智汇,8.86,3.991,6.5193,400366660,63.286,627238,50.0116
605258,协和电子,36.53,2.354,6.47068,206787672,48.066,321464,50.00336
000949,新乡化纤,6.99,1.895,4.65771,544556011,58.494,1158173,50.00042
600096,云天化,30.62,-1.922,2.86127,1619716830,10.826,5581998,49.956540000000004
603337,杰克科技,40.46,4.01,1.41238,262687062,22.603,1927562,49.85476
000065,北方国际,12.49,0.564,4.0485,495195461,18.368,1450641,49.789
300735,光弘科技,20.71,4.49,3.13005,482389577,54.5,1675678,49.7301
002409,雅克科技,137.76,-0.771,11.4949,5070951747,65.544,6556380,49.6972
002324,普利特,13.07,2.109,4.18487,425494117,39.027,1453823,49.69674
300861,美畅股份,20.41,3.394,4.71504,401845251,56.164,1371226,49.61208
603296,华勤技术,105.97,-0.226,2.62998,1584785773,26.361,11477216,49.58196
600497,驰宏锌锗,10.07,-0.494,5.52145,2818068528,49.314,5075663,49.560900000000004
300932,三友联众,9.37,6.356,5.24512,155052157,40.739,419912,49.55824
002938,鹏鼎控股,108.19,3.393,2.1733,5395979526,67.199,25073429,49.5256
600711,盛屯矿业,13.25,-1.633,4.6635,1932248904,20.794,4095060,49.428
603920,世运电路,59.0,2.288,3.75377,1584610792,62.105,4251495,49.371539999999996
301235,华康洁净,66.08,1.071,8.07308,384435311,57.965,712190,49.35916
001239,永达股份,15.2,7.725,7.15481,119941515,76.729,364800,49.30962
002249,大洋电机,8.29,1.718,2.0356,312641041,18.841,2044110,49.2252
300873,海晨股份,24.8,5.129,4.38547,177066632,21.394,571880,49.157939999999996
920012,创达新材,65.0,2.881,12.2614,153162549,36.723,320563,49.1202
300201,海伦哲,18.91,3.56,4.21649,795823783,60.473,1908101,49.11298
002708,光洋股份,13.94,3.952,6.10537,436419906,76.342,783565,49.066739999999996
601231,环旭电子,36.85,1.655,2.02498,1764716383,43.353,8803228,49.01496
002558,巨人网络,24.28,-0.123,2.16494,1003807257,25.83,4614564,48.96088
601611,中国核建,11.36,1.701,1.89715,656959766,31.556,3423716,48.8973
600988,赤峰黄金,31.98,-1.992,2.41361,1292492718,18.923,6077515,48.85122
002472,双环传动,42.31,-1.168,3.66321,1169623205,28.207,3596073,48.82242
600989,宝丰能源,22.02,-1.256,1.28101,2067721164,14.115,16148059,48.79402
300852,四会富仕,59.58,1.034,7.83929,717897766,67.705,956385,48.78058
300296,利亚德,6.81,2.56,5.53721,864030322,61.909,1846856,48.754419999999996
603163,圣晖集成,115.18,2.95,4.95123,553641816,74.31,1151800,48.75246
300881,盛德鑫泰,42.6,3.499,4.12565,100197447,18.892,468600,48.7483
300694,蠡湖股份,10.58,3.22,4.50382,102836659,18.561,229660,48.66764
600941,中国移动,92.99,-1.316,1.25552,1056954502,14.644,201596879,48.56304
603259,药明康德,98.16,-1.218,1.09855,2679769120,14.651,29288560,48.543099999999995
002849,威星智能,18.23,1.56,10.5707,416658952,75.958,402216,48.5386
600021,上海电力,17.46,-0.456,2.44808,1206066611,20.007,4925876,48.52816
300802,矩子科技,25.4,1.519,9.47988,464205088,79.375,721559,48.51676
002580,圣阳股份,21.6,-0.046,15.6893,1550305705,52.683,980357,48.4834
603995,甬金股份,21.35,0.188,3.95361,310249897,14.139,780595,48.47122
601377,兴业证券,6.13,0.327,1.21828,642163672,19.393,5293860,48.41756
300953,震裕科技,142.06,0.085,4.07572,1015545747,46.73,3459710,48.40644
300483,首华燃气,19.58,1.714,4.10253,306761506,31.581,754041,48.34706
000977,浪潮信息,62.3,-1.252,3.55014,3245401371,38.011,9148610,48.34428
600150,中国船舶,35.99,0.223,1.29889,2838054820,29.024,27084711,48.26678
301317,鑫磊股份,64.22,-0.895,7.9482,266307716,34.902,1009474,48.2114
920522,纳科诺尔,30.3,4.591,4.70878,258310626,72.143,664937,48.19056
600938,中国海油,31.27,-1.728,1.63815,1537497024,12.167,148626166,48.0923
001400,江顺科技,112.79,2.686,7.49113,394432694,76.437,947436,48.04026
301106,骏成科技,21.66,5.095,3.86918,116812997,24.209,309653,48.02336
002139,拓邦股份,9.93,2.583,2.63557,278288954,33.1,1238107,48.02014
301555,惠柏新材,43.5,1.281,12.9229,269332146,55.063,401360,47.9972
301282,金禄电子,28.63,0.774,7.83258,395327828,47.717,603904,47.98716
000921,海信家电,28.31,-0.562,2.3042,594493961,12.15,3920542,47.922399999999996
300890,翔丰华,35.22,2.622,7.50983,287210761,77.407,421161,47.88566
001369,双欣材料,15.9,0.952,17.7706,566207741,25.645,1823730,47.856
600875,东方电气,31.07,-0.576,2.24894,1588705242,27.017,10745126,47.76988
002179,中航光电,38.11,-0.209,1.65884,1331516017,37.224,8069516,47.69068
300017,网宿科技,14.57,-0.274,4.24273,1460346456,44.152,3636213,47.66346
601001,晋控煤业,19.59,-0.255,1.7105,555504396,17.972,3278778,47.656
600699,均胜电子,24.88,0.933,2.42144,817667687,26.189,3858317,47.64188
300850,新强联,29.45,-0.136,4.02411,364633857,13.826,1219483,47.64022
002815,崇达技术,19.35,2.544,18.4675,2754982389,66.724,2388083,47.632
605277,新亚电子,22.0,1.336,4.26116,296730722,32.353,712773,47.53032
603505,金石资源,19.82,1.537,3.9393,656181669,50.821,1668188,47.489599999999996
001230,劲旅环境,27.07,2.928,6.81327,144216934,21.484,363079,47.41054
600362,江西铜业,46.5,-1.816,3.82069,3752669753,22.464,16101692,47.19338
301628,强达电路,117.25,1.709,11.4809,373671348,73.281,883781,47.1652
002611,东方精工,18.46,-0.913,4.91628,915420138,30.262,2247111,47.093560000000004
300292,吴通控股,6.39,1.752,16.5845,1176761127,71.0,857388,47.087
002335,科华数据,39.03,-0.51,4.2807,1104905167,47.024,2916908,47.0314
600011,华能国际,7.88,-2.233,1.84972,1620649959,10.649,12370098,47.00044
601778,晶科科技,5.09,1.394,3.8918,735931464,56.556,1894994,46.965599999999995
600489,中金黄金,22.52,-0.266,1.30671,1428110116,22.078,10916148,46.81542
002241,歌尔股份,23.35,-0.891,2.24231,1651436432,20.482,8290146,46.81162
603409,汇通控股,31.81,1.857,11.9114,133521566,26.074,400901,46.7482
002831,裕同科技,30.8,0.984,1.88501,410662635,17.6,3968060,46.72202
300699,光威复材,29.05,0.658,2.35513,559887415,39.718,2415078,46.68426
601336,新华保险,61.98,-1.93,1.21159,1573081562,5.329,19334950,46.633179999999996
001301,尚太科技,94.13,2.193,2.5189,440464148,25.931,2454933,46.6168
603713,密尔克卫,58.75,0.427,2.64284,244500534,14.869,929000,46.56668
300002,神州泰岳,7.56,0.532,2.46508,343966858,18.498,1487183,46.526160000000004
300347,泰格医药,39.36,-0.102,3.39071,752322272,37.846,3388999,46.47542
000685,中山公用,11.07,1.004,1.72692,237624540,8.648,1624778,46.46584
001365,天海电子,40.78,1.292,11.2187,260894296,,2140950,46.4386
002258,利尔化学,13.96,1.972,2.75374,305858607,23.341,1117410,46.42348
002057,中钢天源,12.0,-0.826,6.90381,622713603,51.48,904660,46.32962
002203,海亮股份,24.5,-1.17,4.91412,2673005964,52.128,5614800,46.31824
300130,新国都,21.77,0.276,5.23057,487613959,26.229,1235010,46.28914
601939,建设银行,10.17,-2.117,1.30345,1274793545,7.823,266047588,46.2559
002085,万丰奥威,13.39,-2.405,4.22732,1203121937,28.489,2843095,46.23964
603527,众源新材,14.9,2.617,15.8116,745073758,74.5,472287,46.2278
301608,博实结,53.35,4.403,3.9641,124206061,20.227,707395,46.1372
300031,宝通科技,26.96,-1.282,7.47925,718114968,54.41,1128941,46.1125
000400,许继电气,23.06,0.743,1.93151,451549503,19.998,2348943,46.09202
603501,豪威集团,88.2,-0.586,1.41421,1516996495,26.172,11125445,46.07042
000737,北方铜业,14.71,-2.324,4.02058,1132215908,35.446,2801838,46.06916
301599,理奇智能,49.79,2.639,13.461,363647314,66.387,2148936,45.995
002560,通达股份,8.43,0.238,5.09178,270851385,27.194,619834,45.89756
002534,西子洁能,21.0,2.389,1.86245,322744324,36.842,1755464,45.8919
600862,中航高科,19.24,0.628,2.001,530908406,26.0,2680226,45.885999999999996
300113,顺网科技,20.18,0.9,4.06755,415684565,32.548,1360463,45.8351
000792,盐湖股份,31.15,-2.747,1.98205,3285184085,19.448,16483248,45.7231
301500,飞南资源,28.31,-0.106,14.4865,585887231,55.196,1590886,45.709
301161,唯万密封,35.28,0.37,12.7253,348385912,48.329,423360,45.6594
920425,乐创技术,27.15,4.826,8.07038,130838323,60.333,192593,45.618759999999995
003033,征和工业,52.13,4.784,3.09993,128223823,24.36,426163,45.551860000000005
920100,三协电机,44.79,1.865,10.0343,122167812,44.347,462829,45.526399999999995
920096,嘉晨智能,58.25,7.433,17.2552,157743388,41.607,401925,45.4896
002255,海陆重工,9.8,-1.01,4.25788,267321833,19.522,814263,45.48576
600864,哈投股份,5.51,2.226,1.90367,216032091,32.412,1146394,45.48534
002475,立讯精密,67.26,-1.306,2.19099,10757497506,29.371,49050448,45.46398
603305,旭升集团,14.2,2.011,2.18998,357469977,37.368,1641106,45.41296
600352,浙江龙盛,11.68,-1.849,2.95448,1141273621,20.776,3799892,45.361959999999996
300487,蓝晓科技,55.72,2.089,2.03428,347666384,31.48,2836903,45.33556
002960,青鸟智控,9.15,1.217,3.33663,290361375,25.007,964167,45.32426
002906,华阳集团,26.27,0.574,1.7952,245634206,17.631,1378962,45.3124
000426,兴业银锡,40.01,-0.621,3.57199,2546757537,41.686,7104319,45.28098
301329,信音电子,26.07,2.962,14.333,220192547,72.417,443711,45.22
603613,国联股份,20.16,0.75,1.45513,209824047,11.016,1452604,45.16026
000823,超声电子,20.1,0.05,18.6141,2205372040,48.516,1194600,45.15
600887,伊利股份,24.8,-2.401,1.16003,1820681157,13.552,15686894,45.11706
301596,瑞迪智驱,58.73,2.675,6.0009,151720625,37.019,634469,45.026799999999994
601888,中国中免,58.4,-1.151,1.73199,1973691150,33.691,12134332,45.01098
301571,国科天成,71.5,2.774,5.8189,489695203,62.719,1282895,44.9598
001206,依依股份,17.62,0.399,6.8751,128607302,17.62,325783,44.947199999999995
000880,潍柴重机,25.46,0.912,6.08928,348304843,48.962,1180959,44.91456
002096,易普力,9.72,3.846,1.64267,196127205,15.188,1205708,44.82334
000811,冰轮环境,33.2,-1.92,5.2894,1738159501,58.246,3295027,44.818799999999996
002690,美亚光电,15.12,3.208,2.54121,165572308,18.55,1333930,44.70642
000425,徐工机械,9.19,-0.863,1.11632,924582814,16.123,10762602,44.643640000000005
605499,东鹏饮料,124.78,-2.713,1.38143,1170318492,14.696,9161339,44.62386
603867,新化股份,39.51,0.381,4.23518,362129149,28.63,859290,44.61336
300008,天海防务,6.77,0.894,3.44613,382534724,39.201,1169876,44.57426
002379,宏桥控股,16.82,-2.775,3.88176,749887411,12.27,21918341,44.43852
603886,元祖股份,13.49,2.664,5.712,181455541,23.259,323760,44.416
601689,拓普集团,60.73,-1.572,2.05095,2170925928,37.72,10553875,44.3859
002881,美格智能,42.01,3.143,4.97232,376377477,77.224,1268743,44.373639999999995
301656,联合动力,19.37,-2.073,7.7862,309019291,37.25,4658080,44.3534
002823,凯中精密,17.35,-0.573,5.5215,209869561,24.097,569720,44.324
603610,麒盛科技,18.14,4.253,3.25787,207134972,62.552,640327,44.27474
605058,澳弘电子,40.69,0.197,4.34077,251151561,38.028,581558,44.27254
601717,中创智领,17.95,0.56,1.28413,355554872,7.336,3204793,44.24826
600483,福能股份,11.65,0.431,1.44193,465871303,10.991,3238861,44.17686
000878,云南铜业,17.82,-2.249,2.96027,1065340557,30.943,4321678,44.17354
000062,深圳华强,31.21,0.289,4.13492,1348727455,70.515,3264283,44.13684
605060,联德股份,51.59,3.18,2.2762,279664573,54.305,1241214,44.0924
600188,兖矿能源,20.82,-1.233,1.37266,1691565926,24.818,20896726,44.04632
002517,恺英网络,14.73,-1.669,2.02659,567717758,16.551,3146981,44.04618
002983,芯瑞达,25.7,4.557,5.18135,167902635,45.893,573406,44.0337
601567,三星电气,15.35,0.392,1.42445,306176475,17.056,2156996,44.0249
301607,富特科技,38.04,-3.083,6.62801,386051649,19.608,890626,44.00702
000686,东北证券,8.12,0.495,1.25484,236519958,13.097,1900448,43.99468
002150,正泰电源,26.03,0.27,4.07146,381879994,33.372,939341,43.95292
000623,吉林敖东,17.88,0.619,1.04087,220813903,8.758,2138261,43.938739999999996
001378,德冠新材,20.61,0.39,8.85376,151358863,33.242,357241,43.87752
002091,江苏国泰,7.97,3.641,1.45867,184351447,10.089,1297295,43.84034
000758,中色股份,7.11,-1.524,4.1357,582931399,29.774,1415203,43.6994
001287,中电港,26.92,1.931,3.95039,806652447,71.979,2045651,43.693780000000004
600031,三一重工,18.65,-2.814,1.06475,1702413830,18.965,17148683,43.6875
600547,山东黄金,28.25,-1.431,1.47595,1517200903,30.053,13023051,43.6589
000682,东方电子,12.42,-0.08,1.94937,322493573,18.259,1665183,43.65874
603876,鼎胜新材,26.72,0.64,3.36242,835698409,47.714,2483002,43.64484
601677,明泰铝业,16.5,-3.169,4.07107,838113292,10.645,2051814,43.63514
001229,魅视科技,28.38,2.381,8.21486,169061928,41.13,407060,43.57272
301667,纳百川,83.05,4.518,18.4848,337726553,72.217,927416,43.554
603698,航天工程,31.14,1.898,3.92191,660549847,77.85,1669073,43.537819999999996
300481,濮阳惠成,18.82,0.266,16.1654,897567913,41.822,549272,43.4672
002392,北京利尔,8.09,1.125,2.52999,234858218,23.794,963107,43.434979999999996
601233,桐昆股份,22.84,-2.684,3.229,1791163268,26.558,5433639,43.406
600098,广州发展,6.96,0.433,1.01712,248511651,10.504,2440082,43.33324
920178,锐翔智能,119.66,2.774,19.1416,341265576,47.864,789015,43.322
601899,紫金矿业,30.29,-3.258,1.41867,8968397192,15.533,80543275,43.06334
603693,江苏新能,14.74,1.515,1.75235,229577586,25.86,1314035,43.0497
300967,晓鸣股份,18.59,2.199,8.21155,187273494,40.413,348701,43.0201
000537,绿发电力,8.72,1.278,2.07834,369910963,22.359,1792586,42.99068
001237,惠康科技,65.14,1.797,13.7513,308998439,,966361,42.8884
002637,赞宇科技,12.36,-1.12,5.58186,321818058,30.9,581416,42.80372
002555,三七互娱,17.83,-1.979,1.85555,527421484,13.508,3944420,42.774100000000004
600580,卧龙电驱,35.35,-0.618,2.28817,1265369591,48.873,5522085,42.72234
002947,恒铭达,89.4,-0.123,4.04174,718482162,42.981,2290511,42.71448
600143,金发科技,16.95,-0.294,1.7672,791915890,38.013,4531241,42.6524
002979,雷赛智能,52.95,3.036,4.2664,496986897,73.542,1667746,42.6408
603162,海通发展,9.95,-3.398,6.34565,264772511,19.51,1366346,42.497299999999996
300681,英搏尔,31.7,1.246,4.37852,321541047,44.648,970195,42.49504
300279,和晶科技,7.31,5.029,3.67104,128716192,55.253,357532,42.42908
603031,安孚科技,53.24,-1.133,5.41289,914716145,53.24,1990356,42.42678
605123,派克新材,97.97,1.702,3.63139,432694748,47.038,1187111,42.36878
300634,彩讯股份,21.85,0.46,2.95618,278078120,33.615,985896,42.29236
600060,海信视像,26.46,-2.326,2.12218,727039067,14.015,3452957,42.26636
300930,屹通新材,35.19,3.683,8.0915,131538748,62.839,351900,42.232
000543,皖能电力,8.63,-0.576,1.97009,388196411,9.084,1956303,42.212180000000004
300708,聚灿光电,8.36,0.12,3.40445,202639031,29.857,784933,42.1689
605066,天正电气,6.94,2.967,4.07527,141910102,38.556,348689,42.05154
600570,恒生电子,22.58,-0.265,1.40829,602175237,34.738,4275857,42.02158
001286,陕西能源,12.07,-0.413,1.60369,261508383,15.088,4526250,41.968379999999996
301557,常友科技,88.74,2.495,7.19466,157269459,42.459,550463,41.87432
600109,国金证券,8.78,-0.227,1.25527,408184856,14.207,3253310,41.82954
002648,卫星化学,22.33,-4.04,1.96811,1495605454,14.133,7522186,41.81622
003013,地铁设计,16.24,2.655,1.90843,123077242,14.122,748271,41.78186
002961,瑞达期货,21.09,-1.724,3.45116,349559127,17.146,1005853,41.73032
002832,比音勒芬,21.58,-0.553,4.10459,347816886,22.479,1231586,41.55018
603019,中科曙光,84.47,-1.147,2.48391,3073132875,56.691,12358939,41.52682
300115,长盈精密,30.92,0.52,2.44947,1030836697,70.273,4209238,41.45894
002497,雅化集团,22.89,-0.522,3.9827,964580065,41.385,2638216,41.3994
603893,瑞芯微,172.05,0.755,2.0496,1496200653,69.375,7243212,41.3642
300925,法本信息,18.46,1.989,5.188,328660222,73.84,791397,41.343
603380,易德龙,37.81,3.902,2.28894,136973903,27.399,606628,41.283879999999996
300200,高盟新材,9.71,3.188,3.35305,136291165,38.84,418475,41.2701
601108,财通证券,7.92,-0.377,1.17481,431333050,13.895,3677861,41.21862
300772,运达股份,12.78,0.314,2.6292,232758565,29.045,1005591,41.2004
002050,三花智控,45.12,-1.377,2.60792,4350049780,43.806,18986559,41.08484
603605,珀莱雅,66.27,-0.481,1.24548,323324839,17.394,2624133,41.04796
603888,新华网,18.73,0.807,1.80764,227613943,38.389,1263785,41.03628
920078,族兴新材,29.9,3.64,18.2965,113316694,35.595,358800,40.92
002396,星网锐捷,18.86,-0.053,3.02604,431140274,26.718,1434406,40.89308
600980,北矿科技,21.65,3.341,2.92397,119174421,32.898,418416,40.870940000000004
600163,中闽能源,6.01,0.502,2.16166,247626179,22.259,1143701,40.829319999999996
001337,四川黄金,43.28,-1.681,2.91275,528443580,38.991,1817760,40.7825
301622,英思特,60.13,3.869,4.5203,173275181,53.212,697098,40.6476
002328,新朋股份,8.1,0.372,4.76172,219387326,45.0,625134,40.63944
600312,平高电气,19.26,0.627,1.86724,486481526,23.337,2613430,40.61548
603606,东方电缆,40.82,-1.186,2.08219,705659525,22.065,3366868,40.60638
600895,张江高科,33.3,-1.275,2.21407,1152609981,53.71,5157136,40.603139999999996
002353,杰瑞股份,152.51,-1.524,2.5748,2753552557,57.769,15614825,40.577600000000004
603004,鼎龙科技,21.29,-0.421,8.42026,104000406,33.794,501422,40.57752
300775,三角防务,23.06,-0.26,3.14097,385252054,32.479,1262653,40.50194
300300,海峡创新,8.89,-0.112,5.39182,317835194,42.333,592827,40.44764
300836,佰奥智能,75.86,5.802,4.00374,187819467,70.001,703113,40.41348
601311,骆驼股份,8.43,2.43,1.5114,147927803,11.873,988962,40.3128
002568,百润股份,19.49,0.0,2.65605,389150102,31.435,2030125,40.3121
603072,天和磁材,38.84,1.199,5.84045,286408749,63.672,1026464,40.2779
300496,中科创达,61.97,0.994,3.64433,829978683,63.286,2861261,40.27066
000035,中国天楹,5.11,2.2,1.76498,206899342,42.583,1220285,40.12996
002756,永兴材料,62.85,-3.899,5.89277,1443081481,50.28,3388253,40.08854
601117,中国化学,7.47,-2.608,1.44388,660843322,7.047,4561680,40.06376
002416,爱施德,11.06,0.272,2.12144,286571211,36.61,1370646,40.05888
300880,迦南智能,24.97,1.298,5.55414,269057973,60.431,487258,40.00228
002928,华夏航空,7.17,-1.646,2.46158,227684697,14.591,916499,39.98516
000582,北部湾港,11.71,0.429,1.84854,468267462,26.315,2947506,39.98408
603681,永冠新材,26.93,-1.679,18.1164,1181829004,40.194,640239,39.963
002940,昂利康,28.18,-0.494,5.68313,295254240,45.452,568470,39.88426
605090,九丰能源,34.65,-3.077,2.05514,506099820,15.264,2446000,39.87928
301397,溯联股份,33.41,1.273,5.51446,130099443,36.714,520070,39.84792
600850,电科数字,18.82,0.373,1.84691,233519476,39.184,1280134,39.81282
002920,德赛西威,88.63,-0.773,1.06388,562348639,20.375,5289521,39.80876
002226,江南化工,5.02,2.449,1.19124,153604825,17.552,1329759,39.729479999999995
300740,水羊股份,22.28,1.135,3.16131,255431602,58.632,873887,39.72762
600426,华鲁恒升,27.01,-4.592,1.74216,1011605969,17.281,5713535,39.70832
603036,如通股份,14.81,1.927,4.38594,133972936,29.039,305095,39.55288
300650,太龙股份,13.13,4.372,5.71844,125765486,72.944,316962,39.55288
300170,汉得信息,17.69,0.34,4.25014,739183707,76.913,1840502,39.52028
603228,景旺电子,78.15,-1.673,4.74573,3616545576,60.115,7696658,39.47246
300251,光线传媒,11.64,0.692,1.19176,383225952,20.421,3414697,39.45952
000027,深圳能源,7.33,0.549,1.39906,495625031,23.645,3487167,39.44512
603344,星德胜,29.29,0.343,6.68801,105800292,32.91,569781,39.40502
002164,宁波东力,13.22,-1.49,4.42839,281356043,35.73,703534,39.38678
002283,天润工业,9.65,-0.31,2.61013,251269298,29.242,1099576,39.29026
002052,同洲电子,9.25,3.122,2.43364,153692043,38.542,696007,39.23328
600600,青岛啤酒,57.8,-2.857,1.39377,575037599,17.187,7885048,39.216539999999995
000612,焦作万方,11.03,-4.832,4.35604,580282495,12.283,1314996,39.216080000000005
002997,瑞鹄模具,30.4,1.435,2.43956,152818852,16.257,636337,39.18412
600480,凌云股份,10.1,2.02,1.55506,189223728,14.638,1234450,39.17012
603179,新泉股份,50.44,-4.252,3.40872,1241579691,30.386,3602418,39.061440000000005
600309,万华化学,70.07,-4.667,1.53065,3398996352,17.561,21935215,39.0603
603596,伯特利,28.35,-1.494,1.75883,450827282,13.125,2544808,39.03566
300428,立中集团,20.05,2.036,1.46054,174068962,14.424,1374591,39.02908
600637,东方明珠,8.81,1.968,1.56058,455893161,47.959,2961834,39.02516
600577,精达股份,11.8,-0.338,2.49786,631204191,42.143,2538293,38.981719999999996
601021,春秋航空,47.05,-2.809,1.19267,553919930,19.769,4603059,38.95834
002237,恒邦股份,13.65,0.073,1.84124,298723284,25.278,1951910,38.90148
600456,宝钛股份,30.49,-0.164,2.17534,318227185,36.337,1456744,38.85868
300443,金雷股份,23.04,2.674,2.85898,159221631,23.343,737590,38.739959999999996
300660,江苏雷利,30.85,1.849,1.51673,271337492,46.141,1793241,38.58046
603916,苏博特,13.79,-2.06,7.37275,429944552,47.552,587865,38.5655
002797,第一创业,6.56,0.0,1.76182,484576979,32.8,2756774,38.52364
600482,中国动力,31.39,-1.444,1.4115,1014572173,54.121,7120025,38.491
603507,振江股份,38.7,1.762,4.07105,284232142,63.443,713246,38.4281
002895,川恒股份,32.18,-1.47,1.40937,275691334,14.695,1949807,38.40874
000729,燕京啤酒,10.95,-3.609,2.02967,561068940,18.372,3086301,38.23234
002826,易明医药,17.07,2.216,3.27202,102336152,34.14,325487,38.19204
300563,神宇股份,29.82,4.302,5.13752,191244475,72.732,543131,38.181039999999996
000899,赣能股份,12.55,-2.106,2.21929,273895434,12.184,1224476,38.120580000000004
601872,招商轮船,16.38,-4.545,3.35834,4572861911,22.135,13226094,38.08168
002739,儒意电影,8.48,0.236,1.1793,209857547,34.883,1790788,38.0666
603993,洛阳钼业,20.03,-4.254,2.91282,10321429148,21.084,42852803,38.06364
600546,山煤国际,12.72,0.079,1.39033,349795186,21.559,2521684,38.01766
300986,志特新材,19.04,0.634,3.0435,237048205,44.279,784398,37.989000000000004
300905,宝丽迪,60.01,1.368,4.40381,368015292,70.6,1074273,37.91162
002318,久立特材,23.09,-1.577,1.30863,290725280,14.522,2256287,37.88626
300573,兴齐眼药,36.94,-2.223,2.26139,229486866,13.053,1319950,37.85378
000533,顺钠股份,11.24,1.353,4.39377,337265090,76.152,776477,37.846540000000005
002438,江苏神通,15.9,2.581,2.53134,189396535,28.277,806985,37.80568
000404,长虹华意,8.1,0.621,2.96251,166550944,11.343,563757,37.78802
301363,美好医疗,18.38,-0.916,2.74944,263385960,36.76,1462987,37.750879999999995
300473,德尔股份,31.2,1.728,3.77973,174736413,33.913,538707,37.74346
300316,晶盛机电,51.69,-0.882,2.64937,1692998463,76.015,6768980,37.65274
300777,中简科技,28.79,-1.37,3.33992,409100750,39.986,1265918,37.56984
300957,贝泰妮,33.91,-0.294,1.70064,241154404,28.258,1436428,37.51928
603661,恒林股份,33.68,-2.603,5.15866,243592259,28.542,468378,37.50832
300628,亿联网络,33.42,-1.793,1.41624,344324651,16.262,4233938,37.45348
300618,寒锐钴业,38.71,0.026,3.68618,388666279,47.207,1198837,37.45036
002028,思源电气,174.48,-1.978,1.66566,1798437319,43.188,13652208,37.39732
300759,康龙化成,21.99,-2.136,1.82538,571491111,23.287,4040187,37.242760000000004
300596,利安隆,41.86,1.282,1.68757,157394362,19.357,961188,37.22114
002546,新联电子,7.01,0.863,2.31298,129268057,10.159,584668,37.21496
000997,新 大 陆,17.81,-2.411,2.22055,400663102,17.714,1804327,37.2081
002615,哈尔斯,7.65,2.273,5.19244,119502812,51.0,428256,37.20388
300638,广和通,20.59,1.03,2.03327,222348597,46.795,1851588,37.15654
600933,XD爱柯迪,14.79,1.51,1.27545,185103601,12.534,1523568,37.0809
601112,振石股份,18.17,0.11,5.87136,188223849,36.34,3162246,37.072720000000004
603150,万朗磁塑,79.9,1.435,3.87573,264027138,60.075,683009,37.05646
000338,潍柴动力,28.11,-4.323,2.51172,3523236287,22.134,24349289,37.05444
300916,朗特智能,24.86,0.975,4.56347,111558790,35.014,359585,37.05194
600268,国电南自,12.64,-0.472,1.72807,223517875,26.333,1284061,37.04014
600499,科达制造,15.86,-0.189,1.2841,391184140,22.787,3041720,37.0012
300566,激智科技,34.25,-2.671,19.6191,1513874427,43.91,897708,36.987
300871,回盛生物,22.86,0.044,3.4221,156539516,17.125,461279,36.9762
000551,创元科技,15.39,-2.099,4.10984,306572581,25.209,746004,36.92268
002064,华峰化学,10.71,-1.923,1.34358,728313003,28.946,5314885,36.91816
601101,昊华能源,11.78,-0.842,2.21566,372556145,32.722,1696318,36.90532
002406,远东传动,7.51,1.213,4.10861,185630171,35.762,548399,36.85622
605196,华通线缆,33.52,-2.416,4.52533,768123105,59.857,1712779,36.80266
300100,双林股份,29.32,-0.745,2.01661,325448409,32.944,1677054,36.79822
000983,山西焦煤,6.91,-1.986,1.35904,534693599,32.671,3922877,36.76008
000975,山金国际,21.65,-2.257,1.7459,959314753,20.224,6002522,36.7208
300866,安克创新,113.8,-2.318,1.81518,634540062,23.85,6102825,36.67636
002539,云图控股,12.23,-2.394,1.92404,211686404,17.725,1477046,36.66608
002478,常宝股份,7.09,0.425,2.68476,137267609,13.13,638670,36.64452
603257,中国瑞林,69.95,-0.667,9.32223,161756800,47.585,839400,36.64346
000601,韶能股份,7.04,-0.142,6.0239,448471381,70.4,749298,36.6218
002716,湖南白银,9.3,-2.821,5.03172,1090635957,77.5,2625472,36.60044
603619,中曼石油,22.92,-2.218,4.12247,439541432,20.649,1059680,36.59094
301330,熵基科技,27.66,2.444,2.07254,109675695,30.111,650982,36.47708
002533,金杯电工,11.57,1.048,1.65984,122255212,14.024,849170,36.46368
002810,山东赫达,25.21,0.278,5.29858,437895731,61.488,880883,36.43116
300952,恒辉安防,20.42,0.989,4.22758,126490172,31.906,493391,36.42216
603285,键邦股份,45.98,-2.729,7.29872,210142113,54.094,735680,36.41044
002683,广东宏大,30.53,-0.554,1.52747,308126973,24.037,2319929,36.392939999999996
301606,绿联科技,63.12,-0.911,2.04575,211394473,37.169,2618911,36.3585
300651,金陵体育,20.75,-0.336,8.66159,183237475,46.111,293010,36.31518
002925,盈趣科技,21.44,-0.97,2.08575,325853531,27.844,1654458,36.2615
301195,北路智控,34.45,0.997,4.12154,123583515,29.957,454981,36.23408
300182,捷成股份,5.66,-1.394,5.20713,706988350,78.83,1507725,36.23226
002664,信质集团,19.56,0.154,2.74669,216152390,59.273,798439,35.95538
002705,新宝股份,12.24,1.157,1.22349,120724753,9.881,993736,35.91798
000951,中国重汽,22.13,-2.08,1.06056,276807648,15.585,2586986,35.881119999999996
600872,中炬高新,17.71,-0.84,1.70053,230919840,25.289,1371274,35.881060000000005
000526,学大教育,27.09,-0.221,3.25074,106627143,16.501,330122,35.838480000000004
301548,崇德科技,74.8,0.958,6.47704,137163334,48.258,650760,35.82808
301479,弘景光电,64.62,1.0,3.90949,179593545,28.467,804852,35.818979999999996
603276,恒兴新材,17.07,0.0,7.90326,101118723,58.862,354458,35.80652
300733,西菱动力,14.8,2.351,4.37322,185328278,45.288,586971,35.799440000000004
603025,大豪科技,14.94,2.893,1.04605,173103501,23.344,1668282,35.7711
001256,炜冈科技,25.73,-0.618,6.26652,173009376,27.372,366942,35.67904
601997,贵阳银行,5.67,-2.241,1.13779,237470316,4.139,2073064,35.55258
002215,诺 普 信,9.65,-3.884,3.60052,285425527,14.601,969472,35.549040000000005
002083,孚日股份,10.02,-3.282,5.17872,491584019,21.319,948532,35.51144
601699,潞安环能,17.5,-0.568,1.09468,572251156,47.297,5234966,35.48536
002065,东华软件,7.3,0.829,1.4918,318110904,49.026,2340002,35.470600000000005
301155,海力风电,47.59,1.255,3.34903,198292817,29.744,1034566,35.46306
603160,汇顶科技,57.2,-0.677,1.24383,330960164,31.429,2664872,35.45666
300063,天龙集团,9.6,0.313,4.67846,279042325,64.085,728186,35.29592
600210,紫江企业,6.71,1.054,1.05562,106920942,9.81,1017730,35.27324
000591,太阳能,5.1,-1.163,1.83121,366974762,24.297,1991473,35.17342
000967,盈峰环境,10.35,0.097,2.43971,845071132,60.882,3476760,35.17042
000528,柳 工,8.27,-2.706,1.63576,276986476,10.366,1684568,35.15352
600780,通宝能源,6.71,0.6,1.67431,129197037,11.87,769303,35.14862
002647,仁东控股,11.53,-1.2,1.83099,213087989,32.943,1303226,35.06198
002301,齐心集团,8.05,-0.617,5.93065,347221030,73.182,582826,35.0103
001288,运机集团,26.44,0.342,4.45411,178935589,31.476,621026,34.934219999999996
002250,联化科技,13.98,-1.132,1.66133,207699878,35.161,1258023,34.92666
600298,安琪酵母,34.73,-2.416,1.06577,319321626,19.511,3014038,34.883539999999996
301216,万凯新材,25.09,1.538,2.62206,357313248,78.406,1455719,34.85812
603270,金帝股份,28.66,-0.313,7.8953,160566694,42.776,627960,34.8516
600685,中船防务,26.83,-0.74,1.02914,226888063,37.614,3792438,34.83828
603345,安井食品,86.36,-2.802,1.61911,412876733,19.627,2878283,34.83222
603816,顾家家居,25.61,-2.587,1.27909,266157160,11.641,2103737,34.79718
301078,孩子王,7.86,2.078,1.77369,175170866,33.039,994011,34.78138
603538,美诺华,38.02,-2.563,6.23179,566104613,79.208,923148,34.77458
000559,万向钱潮,13.79,-0.934,1.27339,584537590,44.484,4571879,34.74478
300307,慈星股份,8.38,-4.009,8.38556,556411535,69.833,670864,34.744119999999995
301162,国能日新,41.58,1.613,2.43829,121180458,39.981,776196,34.71558
603269,海鸥股份,23.47,-4.243,11.2832,831051472,61.763,724640,34.7046
002048,宁波华翔,28.58,-2.056,2.89136,586163599,56.039,2325935,34.61472
301003,江苏博云,54.89,1.988,4.29931,176711607,52.276,533165,34.56262
002246,北化股份,20.65,-0.386,2.83819,323058380,43.021,1133757,34.51838
600486,扬农化工,55.65,-2.727,1.30481,295469270,17.456,2248883,34.42862
301252,同星科技,39.49,0.279,4.28943,234259199,60.754,668271,34.41586
301149,隆华新材,12.19,0.495,3.87318,122238859,36.939,524170,34.23136
600930,华电新能,5.69,-1.897,2.45977,453042605,31.611,23735429,34.228539999999995
301617,博苑新材,52.97,-3.304,7.04354,261741293,41.062,920258,34.17508
002223,鱼跃医疗,25.46,-2.639,1.04525,252420377,17.203,2552306,34.173500000000004
600618,氯碱化工,10.94,0.275,1.66988,137093774,14.665,1265102,34.16476
002027,分众传媒,5.2,-2.804,1.23024,929940908,25.49,7509944,34.04848
002034,旺能环境,17.86,0.0,1.93563,177603422,10.568,922828,33.87126
301017,漱玉平民,13.56,1.725,4.34712,149372854,48.429,550003,33.869240000000005
600133,东湖高新,8.24,1.728,1.83874,160260464,31.815,878582,33.86148
000902,新洋丰,12.54,-3.016,1.39629,202115887,9.797,1573436,33.74458
300003,乐普医疗,11.8,-1.173,1.12983,210247156,22.61,2175241,33.74066
002017,东信和平,16.33,-0.244,2.22019,209794159,58.093,947845,33.70838
603281,江瀚新材,37.25,2.111,1.16044,159614809,32.675,1390667,33.65388
002120,韵达股份,6.51,-2.981,1.26698,234054336,15.878,1887380,33.59096
002358,森源电气,6.2,3.853,3.47655,199000350,68.889,576449,33.512100000000004
301305,朗坤科技,30.7,-0.292,4.68743,177870890,27.869,742820,33.49886
002698,博实股份,11.68,1.742,1.63477,159563255,21.06,1194352,33.49554
301222,浙江恒威,33.5,0.813,5.51175,195469491,40.361,470133,33.4625
000155,川能动力,13.46,0.074,1.62014,400759793,49.852,2484943,33.46228
301382,蜂助手,37.01,-0.884,5.55435,481976407,67.784,1056983,33.4567
002982,湘佳股份,13.06,1.319,7.24465,121454447,76.824,265371,33.4463
603014,威高血净,34.88,-0.513,4.97662,174828968,28.59,1457126,33.41424
002062,宏润建设,8.09,1.761,1.54706,140251193,35.174,1000952,33.37712
301275,汉朔科技,44.9,-0.861,2.97604,403237207,40.818,1896576,33.36908
002452,长高电气,11.22,0.809,2.95192,170710196,20.315,696013,33.33084
002380,科远智慧,37.38,-0.027,4.19021,223363196,64.448,897089,33.29942
601083,锦江航运,11.33,-1.99,4.58698,100420765,9.767,1466238,33.203959999999995
600428,中远海特,7.93,-3.175,1.35122,264366815,11.56,2175929,33.177440000000004
920111,聚星科技,32.32,0.373,6.02652,144390942,41.974,501459,33.172039999999996
301408,华人健康,15.63,-0.762,5.18106,182540749,32.563,625216,33.07612
603969,银龙股份,7.8,0.0,1.537,102268785,18.14,679796,33.074
300972,万辰集团,179.4,-1.434,1.17577,382955504,24.566,3540164,33.04954
603218,日月股份,11.17,1.916,1.12173,129011618,20.309,1150891,32.991460000000004
300413,芒果超媒,15.89,-1.61,1.40374,227447715,24.076,2972575,32.97748
605128,上海沿浦,24.96,1.094,2.33237,182230864,27.429,783711,32.94674
002468,申通快递,13.46,-3.72,2.03585,402302551,14.63,2060460,32.911699999999996
600873,梅花生物,8.59,-3.157,1.17445,284461969,7.342,2408844,32.8779
003041,真爱美家,46.67,1.479,1.71653,108034058,28.736,672048,32.87006
002605,姚记科技,18.83,-0.476,2.0631,132555069,16.783,786253,32.6982
605011,杭州热电,18.23,1.39,1.75124,127756800,38.787,729382,32.67248
605555,德昌股份,15.55,2.912,1.95936,146223177,45.735,752727,32.65472
300680,隆盛科技,34.3,0.41,3.21218,191746119,32.503,776008,32.65436
605222,起帆电缆,25.49,1.031,2.27915,241151317,62.171,1052491,32.6513
603997,继峰股份,14.27,-1.586,1.20153,219949322,39.639,1815522,32.64506
600770,综艺股份,5.98,0.673,2.7933,217640043,71.275,777400,32.605599999999995
600032,浙江新能,8.35,-2.225,2.12971,428333725,39.686,2007904,32.58442
300896,爱美客,92.15,-1.56,1.1064,208564085,21.53,2788386,32.5328
002312,川发龙蟒,8.9,-0.336,1.76618,295824446,40.455,1680061,32.52436
603499,翔港科技,20.35,2.467,2.55822,156364005,53.553,615780,32.51744
001208,华菱线缆,15.92,-0.313,4.22459,215011251,79.6,1016254,32.51018
601156,东航物流,16.67,-3.418,1.38096,221504123,9.864,2646455,32.50792
603519,立霸股份,14.06,0.142,3.52745,132566128,23.831,374457,32.4809
002601,龙佰集团,15.4,-1.848,1.48362,455823825,29.615,3671742,32.42324
301076,新瀚新材,29.99,3.129,4.01763,180866777,78.921,684280,32.42226
300685,艾德生物,16.91,-0.821,2.43483,159652316,18.582,659668,32.40666
603303,得邦照明,32.95,-0.573,1.99923,308621412,58.308,1571532,32.27946
300133,华策影视,7.39,0.0,3.63563,446657780,73.9,1395432,32.27126
000917,电广传媒,7.13,0.992,2.13318,214130553,73.505,1010718,32.24236
002847,盐津铺子,51.32,-3.679,1.60872,202683168,18.46,1399546,32.180440000000004
002632,道明光学,10.08,1.103,1.92643,110652424,28.8,629596,32.161860000000004
302132,中航成飞,60.9,-0.098,1.22572,439176884,47.411,16273036,32.15744
603727,博迈科,15.89,3.115,3.89224,170852495,72.227,447652,32.12948
300259,新天科技,5.91,-3.273,3.47398,239372916,26.803,682667,32.12896
002284,亚太股份,10.84,-0.368,1.61311,127477025,16.424,801185,32.12222
002029,七 匹 狼,8.29,-0.719,2.11278,117725990,16.918,584465,32.06856
301165,锐捷网络,63.89,-0.031,1.05995,750578443,72.984,7115023,32.0269
603040,新坐标,95.13,-0.596,1.90329,245655054,47.804,1298105,32.01858
003035,南网能源,6.36,1.597,1.0715,258136264,69.508,2409091,31.934
002462,嘉事堂,13.75,0.146,3.20451,128537112,36.184,401097,31.84702
002243,力合科创,7.33,2.517,2.1083,184715880,50.171,887373,31.7676
300580,贝斯特,23.4,-1.266,2.76436,307237292,41.786,1175435,31.730719999999998
002703,浙江世宝,15.88,-0.251,3.72037,344737903,72.379,1306340,31.687739999999998
603725,天安新材,10.95,-0.455,4.01957,127745625,29.595,333819,31.67414
300841,康华生物,46.25,0.872,1.99771,111524398,27.331,601004,31.611420000000003
920060,万源通,30.44,-0.393,3.89277,112578114,37.113,462824,31.60654
002410,广联达,8.83,-2.431,1.94769,271271482,35.792,1458667,31.60238
300403,汉宇集团,10.51,0.67,2.29523,105078961,26.839,633753,31.600459999999998
000928,中钢国际,5.78,-0.345,1.28551,106654844,17.09,829225,31.53602
000531,穗恒运Ａ,6.89,0.878,1.90566,119586960,23.556,717526,31.44532
600222,太龙药业,8.1,2.792,4.00476,186142013,74.654,464848,31.38552
603369,今世缘,24.66,-3.747,1.30324,402366761,11.809,3074609,31.365479999999998
300627,华测导航,30.14,-2.617,2.1079,418730537,34.172,2388656,31.3648
603268,松发股份,150.76,-4.823,2.90054,1038863170,50.932,14635454,31.332079999999998
002444,巨星科技,30.62,-3.711,1.21753,432082438,14.573,3657492,31.30206
002985,北摩高科,30.66,-1.478,2.8159,287295040,51.1,1017463,31.1978
002821,凯莱英,112.07,-2.174,1.35517,485399391,35.465,4043272,31.18834
002315,焦点科技,24.93,-0.835,1.82882,119509135,15.705,1028130,31.152639999999998
000768,中航西飞,21.13,-2.312,1.53166,909578033,50.928,5875429,31.12732
605580,恒盛能源,25.03,-2.909,4.86816,341871414,44.696,700840,31.00932
603416,信捷电气,55.62,0.944,1.56882,121020276,33.107,874005,30.96964
002870,香山股份,41.04,1.584,3.09866,163083420,57.0,542038,30.94932
000830,鲁西化工,12.99,-2.404,1.57069,391662886,27.29,2473710,30.929380000000002
600621,华鑫股份,12.95,1.172,1.16943,159956396,21.583,1373865,30.854860000000002
600038,中直股份,27.68,-2.156,1.16136,216243703,34.813,2269464,30.85472
301059,金三江,14.62,-0.273,5.83619,175783308,44.303,337947,30.85338
603617,君禾股份,7.71,1.314,3.45018,102938444,59.308,300545,30.84236
600101,明星电力,9.19,-0.433,3.54607,178535117,27.343,503486,30.79314
300446,航天智造,16.2,-1.4,2.4813,150469414,15.544,1369564,30.7626
300718,长盛轴承,67.94,-0.323,3.33535,444725226,79.929,2029905,30.7017
002553,南方精工,17.93,-2.129,3.53805,162025965,18.078,633663,30.6891
002866,传艺科技,18.41,2.392,4.2055,138841609,61.367,533010,30.587
001215,千味央厨,41.64,2.059,4.70457,186607132,63.091,404576,30.58614
301525,儒竞科技,49.62,-0.321,3.25658,111285102,37.308,655165,30.550159999999998
300969,恒帅股份,99.02,-1.453,4.92808,383840557,66.456,1625115,30.49716
301658,首航新能,30.56,1.495,5.48918,162617331,78.359,1260206,30.46336
002978,安宁股份,27.54,-0.649,1.1439,116463617,18.02,1299860,30.3408
300193,佳士科技,8.64,-0.69,3.69497,132642740,20.571,411480,30.319940000000003
002044,美年健康,5.05,0.198,2.33899,453913336,72.143,1976698,30.27198
300507,苏奥传感,7.4,2.21,1.79756,101916151,49.333,592479,30.22512
603638,艾迪精密,24.53,-1.049,1.684,350539570,52.191,2089186,30.221
000683,博源化工,6.78,-2.446,1.27705,293047347,27.12,2520012,30.216099999999997
002039,黔源电力,20.66,-1.337,2.1098,187707129,14.719,883335,30.2086
002803,吉宏股份,22.01,0.0,2.54534,167285692,32.851,987248,30.09068
002841,视源股份,34.46,0.996,1.02026,180841228,23.284,2398473,30.02852
001308,康冠科技,20.41,0.84,1.24728,121848588,28.347,1437050,30.01456
300012,华测检测,14.0,-2.845,1.76774,357593366,23.045,2355959,30.00048
301020,密封科技,24.89,1.138,3.29242,119349941,41.483,364390,29.99884
603300,海南华铁,5.12,-0.967,1.43568,146002630,19.692,1021222,29.97036
603926,铁流股份,19.95,3.368,2.41931,109504308,60.455,468260,29.942619999999998
600490,鹏欣资源,7.56,0.132,2.26713,340673012,74.19,1672943,29.93026
003015,日久光电,12.9,-0.922,3.82023,121317939,33.947,362576,29.87446
000958,电投产融,6.31,-4.539,1.72018,593706451,24.833,11557727,29.82336
001332,锡装股份,46.02,-1.202,4.20531,130586834,22.34,711865,29.80462
000025,特 力Ａ,15.78,1.219,3.07203,191676376,47.616,680210,29.80106
603966,法兰泰克,9.15,-1.507,2.1354,101245891,14.758,476173,29.7498
002582,好想你,9.37,-2.497,3.60731,116739068,4.685,419502,29.72362
000099,中信海直,16.78,-2.043,2.88911,376863684,41.95,1301742,29.64922
000875,电投绿能,5.96,-0.997,1.31953,263334046,42.571,2161853,29.64806
002317,众生药业,21.85,-2.455,3.47538,580816646,66.212,1857098,29.58576
601069,西部黄金,26.94,-1.319,1.7649,423496663,52.219,2454232,29.5728
002871,伟隆股份,20.46,-2.664,6.2766,193119685,34.678,515293,29.5612
301179,泽宇智能,21.14,1.684,2.25181,112305465,57.135,854918,29.555619999999998
301529,福赛科技,103.77,-2.178,5.52244,365316093,65.264,1228884,29.51088
002294,信立泰,30.35,-3.097,1.89814,643679646,52.328,3383468,29.50528
002448,中原内配,13.2,-1.419,1.87225,143610199,18.857,776701,29.4875
000534,万泽股份,29.75,-2.523,3.50584,529781943,74.843,1515907,29.44268
300378,鼎捷数智,37.45,-0.795,3.37472,341918967,61.393,1016962,29.364440000000002
002276,万马股份,11.14,0.27,1.74973,195957152,32.318,1126338,29.30946
603456,九洲药业,12.61,-0.943,1.05987,119073124,15.378,1121591,29.29074
600258,首旅酒店,12.85,-1.154,1.35843,194611276,17.69,1434835,29.25486
603637,镇海股份,16.61,-0.06,4.71612,186152367,59.321,396457,29.25224
600468,百利电气,6.04,3.072,2.50527,163640999,73.748,656992,29.22654
600323,瀚蓝环境,28.89,-4.811,1.80989,429481089,11.938,2355538,29.18678
600048,保利发展,5.05,-2.697,1.09793,669168637,56.111,6045074,29.10486
300725,药石科技,32.08,-0.062,2.13947,138182813,36.455,750054,29.09294
301028,鼎熔岩,17.02,-0.468,2.71543,115246333,27.902,653653,29.02686
002668,TCL智家,9.92,-1.392,1.53601,165834241,9.538,1075439,28.89602
605305,中际联合,38.07,-1.755,2.04254,165876817,15.228,809064,28.82008
600273,嘉化能源,7.04,-1.538,1.70848,157701717,9.514,923162,28.80296
603185,弘元绿能,18.45,0.0,1.85019,230860093,66.848,1260277,28.70038
603050,科林电气,20.03,-0.1,1.98459,160800235,31.297,807848,28.66918
002899,英派斯,24.43,0.784,3.12946,112087196,56.814,361068,28.61092
600452,涪陵电力,10.51,-1.684,1.82616,296966867,40.423,1614905,28.60032
300531,优博讯,15.74,2.474,3.07074,147313624,61.198,505378,28.56348
300845,捷安高科,13.17,0.534,5.97954,116801728,65.85,270829,28.56108
000738,航发控制,19.03,0.211,1.43683,358682914,76.12,2502795,28.50666
601702,华峰铝业,16.98,-4.821,1.46015,250163270,14.15,1695505,28.4573
603087,甘李药业,54.83,-2.956,1.06686,329485287,28.409,3275023,28.26572
001376,百通能源,12.35,-2.603,5.53692,147748835,28.068,569212,28.26484
002967,广电计量,18.13,0.166,1.37848,136767208,23.855,1155389,28.25496
600993,马应龙,23.27,-1.273,1.00613,100406961,17.237,1003062,28.193260000000002
600633,浙数文化,10.95,0.091,1.37286,189521907,24.333,1388542,28.018720000000002
002170,芭田股份,11.53,-2.039,2.04051,186430980,12.215,1118816,27.964019999999998
000923,河钢资源,14.15,-2.144,2.18674,194505451,16.283,923611,27.94148
600216,浙江医药,11.96,-1.726,1.50962,172200704,13.143,1150119,27.84124
600285,羚锐制药,20.67,-1.478,1.12821,131727062,15.425,1172228,27.82242
300192,科德教育,17.3,1.051,2.22501,125161576,46.035,569418,27.60302
603919,金徽酒,18.91,-0.053,1.3334,126663402,27.014,959229,27.5078
300801,泰和科技,27.46,1.591,3.86479,144814998,78.976,599809,27.502580000000002
002675,东诚药业,12.64,1.689,1.18934,110350363,53.288,1042289,27.44568
000968,蓝焰控股,6.86,-2.14,1.90993,126887652,19.6,663707,27.39986
002674,兴业科技,16.01,-3.844,4.46395,208709579,46.636,473177,27.395899999999997
600826,兰生股份,10.26,-0.388,1.77566,133499648,22.8,754657,27.38732
300525,博思软件,8.91,-1.22,3.0131,165690850,38.891,675782,27.3662
600389,江山股份,23.33,-1.851,1.45955,147213746,18.815,1004706,27.3661
002011,盾安环境,10.97,-1.791,1.36673,159597361,10.755,1178921,27.36046
301061,匠心家居,37.53,-1.857,1.46153,104790999,9.525,1067344,27.35206
000676,智度股份,5.64,1.075,2.02119,142067632,49.912,710521,27.26738
000581,威孚高科,17.92,-1.593,1.01884,145008473,16.291,1732480,27.25868
600288,大恒科技,13.1,1.158,1.88739,107012639,54.927,572208,27.24878
300099,尤洛卡,7.91,-1.001,2.60904,121810485,31.831,583177,27.21508
301498,乖宝宠物,41.86,-0.238,1.45837,108595543,24.917,1676379,27.20274
603950,长源东谷,62.49,-4.581,2.97128,607167906,52.075,2025493,27.199559999999998
605162,新中港,9.05,-2.056,4.17769,168687139,29.194,400776,27.18738
002987,京北方,11.61,-0.172,1.27554,148761925,30.553,1208545,27.03508
600916,中国黄金,7.8,-2.133,1.70788,224187420,48.75,1310400,27.01676
301069,凯盛新材,22.53,-2.341,4.41936,427825782,73.82,1021002,26.81572
002100,天康生物,6.37,0.951,1.98059,171771388,42.467,869665,26.81418
300951,博硕科技,44.69,0.835,2.12064,143103767,51.965,757051,26.74628
603686,福龙马,14.66,-0.543,1.67579,101910869,39.622,609021,26.72258
002941,新疆交建,10.94,-2.321,1.8264,144586612,15.629,798348,26.689799999999998
002043,兔 宝 宝,12.06,-1.871,1.11654,108739320,14.023,1000684,26.62008
300341,麦克奥迪,15.1,1.139,1.48957,115577738,45.523,781290,26.39614
300629,新劲刚,21.5,1.367,3.61558,168304865,67.188,540560,26.332160000000002
002003,伟星股份,8.74,-2.018,1.1861,105475500,15.891,1039090,26.3182
603360,百傲化学,19.12,-0.778,1.6731,226125121,63.733,1350300,26.0122
002373,千方科技,7.64,1.058,1.41148,147236845,44.941,1207264,25.99696
300917,特发服务,26.09,-1.473,2.60457,114455514,35.593,440921,25.79014
600461,洪城环境,9.21,-2.125,1.0726,127768340,9.903,1182707,25.7702
300999,金龙鱼,25.18,-2.403,1.48513,203699930,43.414,13651567,25.76126
000680,山推股份,10.45,-2.336,1.38197,192064366,12.911,1567649,25.755940000000002
002597,金禾实业,21.05,-4.665,2.31816,280751277,33.413,1196313,25.64132
603383,顶点软件,29.02,-1.124,2.00132,119457611,33.356,596010,25.63064
300226,上海钢联,17.13,-0.925,1.69985,106593487,25.567,655164,25.6247
002588,史丹利,8.74,-2.455,1.49221,112396010,9.711,1006754,25.619419999999998
000159,国际实业,5.86,1.034,3.71832,104107750,74.083,281682,25.53864
605018,长华集团,15.04,-2.211,3.56883,253995224,75.2,706979,25.50466
300980,祥源新材,27.88,0.978,3.76073,103869975,75.351,384926,25.455460000000002
300592,华凯易佰,12.58,-2.253,3.58089,158380437,33.105,508687,25.40278
603085,天成自控,12.29,-4.802,4.87584,242628884,55.864,488036,25.34568
603223,恒通股份,9.4,-1.157,1.8893,125084679,22.381,663473,25.3076
000513,丽珠集团,29.74,-2.3,1.07025,181999111,13.101,2640636,25.2405
300867,圣元环保,20.34,-1.881,2.92982,114664597,22.266,552721,25.216639999999998
002033,丽江股份,8.67,-1.477,2.30375,109612636,22.317,476408,25.1765
000403,派林生物,11.74,-0.761,1.18922,132967248,26.682,1115767,25.09544
600737,中粮糖业,13.24,-4.127,1.23658,354293261,29.773,2831835,25.09216
300970,华绿生物,20.9,-2.7,4.08845,105148157,22.473,331658,25.0769
000957,中通客车,10.29,-3.107,2.16194,133687300,15.916,610098,25.002879999999998
002830,名雕股份,15.23,-4.514,10.7314,151508519,46.152,283120,24.995199999999997
601890,亚星锚链,8.86,-1.006,1.50366,127673699,26.767,850028,24.98932
002063,远光软件,5.33,-0.929,1.36262,128233933,33.863,1020947,24.93824
603915,国茂股份,16.12,0.813,1.24823,131256866,44.778,1076627,24.93546
300239,东宝生物,5.19,-2.075,5.4923,171300002,55.927,308090,24.7596
000411,英特集团,10.1,-3.257,2.20553,126132509,10.521,570498,24.64006
603012,创力集团,7.56,0.0,2.31808,113192178,47.25,488754,24.63616
300631,久吾高科,26.16,-0.646,3.25143,103272834,43.513,327082,24.56486
002412,汉森制药,6.02,-4.293,3.69147,110581709,15.291,302926,24.50394
002516,旷达科技,6.24,0.483,1.5263,138336942,48.0,917803,24.5016
300674,宇信科技,16.2,-1.159,1.4849,168751109,25.714,1140572,24.4928
603599,广信股份,10.96,-2.837,1.50081,152407980,15.222,997655,24.49062
300816,艾可蓝,83.89,0.878,3.42755,168928225,69.497,671120,24.4891
002541,鸿路钢构,16.79,-3.395,2.19397,183756743,18.25,1158541,24.202939999999998
002469,三维化学,6.8,-2.579,3.25814,139930204,23.448,441227,23.77928
601330,绿色动力,8.14,-3.555,2.20105,179223994,18.5,1164496,23.737099999999998
002006,精工科技,15.36,0.327,1.355,107785985,42.419,798403,23.691
601222,林洋能源,6.05,0.332,1.33578,163931443,50.417,1234938,23.66756
002891,中宠股份,28.69,-1.307,1.20977,111308169,23.352,923525,23.49854
002984,森麒麟,15.1,-3.329,1.73843,188710792,13.853,1564793,23.48986
601966,玲珑轮胎,11.53,-2.946,1.03537,176509678,12.266,1687419,23.23274
300611,美力科技,25.81,-2.787,3.24992,124991610,37.406,544784,23.13884
301127,武汉天源,12.53,-2.186,2.3107,187408882,36.853,844616,23.0634
603809,豪能股份,9.85,-1.598,1.35088,122805404,30.628,906484,22.90776
300129,泰胜风能,9.53,-0.314,1.92453,132420104,41.525,1056737,22.90706
000950,重药控股,5.24,-1.504,1.20134,108589596,23.818,905569,22.89068
002300,太阳电缆,7.72,1.18,2.14863,119499042,67.072,557642,22.83726
300018,中元股份,12.29,-1.206,3.16228,141948892,42.379,600625,22.70656
301225,恒勃股份,90.61,-1.703,6.36928,183175300,67.619,936726,22.629559999999998
300357,我武生物,20.83,-1.745,1.36067,137002121,28.628,1090625,22.48634
603297,永新光学,124.02,1.531,1.43599,194647349,62.636,1375837,22.46498
000801,四川九洲,11.99,-2.362,2.22476,268964068,68.319,1218573,22.36352
301050,雷电微力,34.75,-0.572,1.98844,145783591,51.866,860338,22.26088
300697,电工合金,17.0,-1.506,3.30096,185797129,44.386,735488,22.08392
603396,金辰股份,29.53,0.442,2.82533,116444557,73.825,409072,21.976660000000003
001316,润贝航科,37.34,-2.634,2.38907,135628712,23.152,601777,21.87614
603058,永吉股份,10.01,-0.989,2.40063,100265831,51.045,415102,21.83426
603027,千禾味业,7.85,-1.875,1.19845,117099447,30.054,1046503,21.771900000000002
920982,锦波生物,155.16,-1.996,1.37506,118137544,27.365,1785354,21.76212
600267,XD海正药,9.76,-1.91,1.23143,145890534,21.217,1169991,21.732860000000002
003010,若羽臣,24.38,-2.946,2.78344,154420120,38.698,758363,21.72888
920077,吉林碳谷,17.13,-0.811,2.05504,107143847,56.238,1006699,21.67708
920394,民士达,63.34,-3.592,3.68702,352662329,72.805,926348,21.59804
300132,青松股份,6.18,-3.438,3.29277,103810436,20.111,319247,21.27154
300049,福瑞医科,42.12,-2.815,2.31939,229712577,72.621,1111931,21.19378
603358,华达科技,37.3,-2.966,2.49738,435958776,67.818,1752142,21.09676
300363,博腾股份,14.17,0.854,1.64661,115081516,78.722,770058,20.85522
600395,盘江股份,5.25,-2.416,1.54065,174789728,34.314,1126978,20.8333
605299,舒华体育,15.36,0.196,2.56229,158892619,69.818,626165,20.71258
002458,益生股份,8.26,-1.078,1.96432,155482797,55.067,1182165,20.69464
300774,倍杰特,13.63,-2.294,6.24388,166224445,68.15,557145,20.60576
600155,华创云信,5.55,0.909,1.32802,162267645,69.375,1228516,20.38304
605088,冠盛股份,32.06,-3.405,2.78645,180492126,20.551,649940,20.3579
001298,好上好,20.37,0.345,2.09449,173489949,78.346,881031,20.22398
301039,中集车辆,7.48,-4.348,1.62023,177567145,15.583,1401845,20.196460000000002
301381,赛维时代,19.48,-3.755,3.11751,119678899,27.659,785937,19.970019999999998
605167,利柏特,13.41,-3.177,2.16004,134516348,27.367,617316,19.78908
600559,老白干酒,12.25,-2.468,1.07871,122200446,26.064,1120566,19.75342
300529,健帆生物,16.09,-2.662,1.35227,111897578,23.319,1284956,19.71854
300761,立华股份,17.74,-2.581,1.20438,138626886,25.584,1501402,19.66576
603103,横店影视,16.61,-3.374,2.36848,249829859,66.44,1053406,19.61496
600645,中源协和,18.55,0.379,1.69365,146231875,74.2,868045,19.5243
600197,伊力特,10.3,-3.377,2.22977,108873363,22.514,487370,19.32854
300445,康斯特,22.66,-3.245,4.52326,146412739,46.245,481366,19.31152
002372,伟星新材,8.74,-4.481,1.29467,168032905,18.596,1391441,19.146340000000002
600508,上海能源,12.69,-1.322,1.48412,135493502,40.935,917129,19.00224
002557,洽洽食品,19.89,-3.117,1.67536,168795943,31.672,1006146,18.99972
300109,新开源,17.49,-1.242,1.33383,101411939,44.846,845433,18.94166
600702,舍得酒业,38.26,-1.265,1.30664,165682976,56.24,1270580,18.81828
300257,开山股份,27.64,-3.052,1.22465,327323380,74.703,2746407,18.2933
300792,壹网壹创,29.77,-0.634,2.38617,153147831,66.156,705379,17.87034
605208,永茂泰,15.67,-1.694,3.49978,182087177,74.619,517016,16.91756
603992,松霖科技,32.45,-3.709,1.49375,218552688,67.604,1437671,16.8605
000937,冀中能源,5.25,-3.493,1.09281,198033513,30.277,1855112,16.70662
603927,中科软,14.3,-2.256,1.45649,173206934,53.061,1188387,16.14498
002434,万里扬,7.2,-2.439,1.65449,157212837,40.0,945072,15.99198
300848,美瑞新材,15.19,-1.937,3.27645,126003907,79.947,649961,15.741900000000001
603099,长白山,37.37,-1.216,1.82063,185844836,77.854,1017794,14.99326
603655,朗博科技,32.3,-3.061,3.39396,114214969,75.116,342380,12.60492
600721,百花医药,7.36,-3.916,4.44873,126799030,69.5,283027,12.149460000000001
600882,妙可蓝多,18.55,-2.368,1.19947,113619922,78.602,946150,10.29494
300859,西域旅游,28.88,-3.957,3.20419,145081252,60.167,447640,9.537380000000002
000998,隆平高科,8.16,-2.625,1.03032,110898314,68.0,1199070,9.18564
301153,中科江南,18.58,-3.179,1.83406,113587826,64.069,660825,9.131120000000001
