代码,名称,最新价,涨跌幅,市盈率,换手率,粘合位置,粘合度,距粘合天数,均线发散,量比,成交量放大,MACD金叉,价格突破,MA5,MA10,MA20,MA30
603194,中力股份,38.54,3.269,18.009,3.85222,7,1.85,3,False,1.71,True,True,True,36.56,35.69,35.75,35.89
605318,法狮龙,126.99,8.948,-2539.8,7.90327,7,1.93,3,True,1.89,True,True,True,108.82,100.56,99.09,98.07
603898,好莱客,13.08,2.187,261.6,2.22779,7,2.5,3,True,1.98,True,True,True,12.69,12.67,12.57,12.76
600060,海信视像,27.98,8.366,14.82,2.98131,6,2.45,3,True,1.87,True,True,True,26.09,25.85,25.65,25.46
600397,江钨装备,14.26,3.184,-49.172,7.033,6,2.24,3,True,1.49,True,True,True,13.85,13.83,13.73,14.0
601921,浙版传媒,7.58,0.265,13.101,1.09467,6,2.2,4,True,1.94,True,True,True,7.44,7.43,7.4,7.46
300307,慈星股份,7.75,4.307,64.583,7.0799,7,1.9,3,False,1.19,False,True,True,7.55,7.16,7.19,7.15
300440,运达科技,19.28,3.879,96.4,2.35674,7,1.68,3,False,0.89,False,True,True,18.74,18.02,18.15,18.23
002142,宁波银行,32.85,0.459,7.657,0.59653,7,2.45,3,True,1.14,False,True,True,31.88,31.51,31.32,31.74
601009,南京银行,11.68,0.258,6.636,0.44403,7,1.87,3,True,1.09,False,True,True,11.46,11.27,11.08,11.2
601187,厦门银行,7.81,1.693,8.678,1.05531,7,2.08,3,True,1.3,False,True,True,7.48,7.39,7.28,7.37
601658,邮储银行,5.1,0.394,6.986,0.2139,7,0.96,3,True,1.02,False,True,True,5.02,5.0,4.98,5.01
603976,正川股份,25.0,5.798,192.308,5.53352,7,1.04,3,True,1.25,False,True,True,23.54,22.5,22.36,22.04
605208,永茂泰,15.67,3.364,74.619,6.19321,7,1.37,3,False,1.12,False,True,True,15.03,14.65,14.66,14.67
603368,柳药集团,16.51,0.487,9.223,1.08696,7,2.16,3,True,1.09,False,True,True,16.31,16.23,16.19,16.4
003025,思进智能,16.27,2.134,30.13,7.32258,6,2.48,4,False,0.97,False,True,True,15.75,15.09,15.18,14.78
601939,建设银行,10.6,1.049,8.154,1.19489,6,2.23,4,True,0.93,False,True,True,10.4,10.23,10.13,10.0
603065,XD宿迁联,12.36,9.964,-397.428,3.06759,5,1.73,5,True,0.72,False,True,True,10.64,9.32,8.66,8.53
603328,依顿电子,13.98,7.044,30.0,7.76959,5,1.01,5,True,1.14,False,True,True,13.43,13.04,12.7,12.64
601211,国泰海通,17.22,0.997,9.897,1.10215,5,2.69,5,True,1.01,False,True,True,16.7,16.35,15.8,15.9
601328,交通银行,6.97,0.432,6.454,0.68116,5,1.26,5,True,0.94,False,True,True,6.9,6.83,6.73,6.74
601100,恒立液压,122.51,2.691,60.054,0.98499,5,2.87,5,True,1.07,False,True,True,120.26,115.99,114.57,112.82
002955,鸿合科技,30.73,2.948,139.682,6.03868,5,2.1,5,True,1.0,False,True,True,28.79,26.82,25.68,25.57
002937,兴瑞科技,36.96,3.096,75.429,3.88106,5,1.58,5,True,1.13,False,True,True,35.33,34.49,34.43,34.25
002057,中钢天源,11.36,2.712,48.734,7.54711,5,1.59,5,True,1.1,False,True,True,10.6,10.03,9.7,9.72
300558,贝达药业,52.8,4.327,72.329,4.72807,5,1.41,5,True,1.16,False,True,True,50.47,50.05,49.54,50.18
300331,苏大维格,64.58,2.038,-922.571,12.4174,5,1.45,5,True,1.05,False,True,True,59.16,56.87,55.94,55.48
002191,劲嘉股份,3.88,-2.267,-16.167,1.52832,7,1.77,3,True,0.84,False,True,False,3.91,3.82,3.81,3.83
002641,公元股份,4.2,-3.448,84.0,2.07037,7,1.17,3,True,0.96,False,True,False,4.28,4.24,4.19,4.22
601169,北京银行,5.19,-0.192,6.654,0.46947,7,1.99,3,True,0.91,False,True,False,5.16,5.14,5.13,5.18
600901,江苏金租,6.58,-2.806,11.75,0.57261,7,2.65,3,True,1.08,False,True,False,6.54,6.52,6.46,6.57
601860,紫金银行,2.65,-0.749,7.794,0.99965,7,1.47,3,True,0.79,False,True,False,2.63,2.62,2.59,2.62
601825,沪农商行,8.8,-1.456,6.875,0.15619,7,1.5,3,True,0.93,False,True,False,8.77,8.72,8.66,8.7
601398,工商银行,7.66,-0.39,7.66,0.1059,7,1.28,3,True,0.68,False,True,False,7.55,7.41,7.29,7.33
601577,长沙银行,9.6,-1.235,4.974,0.41635,7,1.47,3,True,1.01,False,True,False,9.59,9.58,9.43,9.51
601688,华泰证券,19.29,-0.413,11.15,1.67147,7,1.32,3,True,1.12,False,True,False,19.01,18.86,18.66,18.88
601818,光大银行,3.17,-0.314,5.466,0.44325,7,0.46,3,True,0.98,False,True,False,3.15,3.13,3.12,3.12
300235,方直科技,14.16,-1.53,202.286,6.81546,7,1.55,3,True,0.98,False,True,False,14.11,13.85,13.7,13.83
300296,利亚德,6.5,-7.275,59.091,6.79868,7,1.01,3,False,0.82,False,True,False,6.93,6.76,6.78,6.72
300586,美联新材,12.31,-1.204,-124.343,7.96966,7,2.1,3,False,0.8,False,True,False,12.05,11.76,11.88,11.9
300607,拓斯达,33.41,-5.139,222.733,10.5718,7,2.88,3,False,0.7,False,True,False,34.59,32.74,33.06,32.25
300873,海晨股份,22.34,-1.759,19.272,3.01044,7,2.81,3,False,1.03,False,True,False,22.24,21.85,22.11,21.77
300859,西域旅游,29.84,-4.328,62.167,3.76516,7,2.75,3,True,1.02,False,True,False,30.19,29.56,29.01,29.5
300031,宝通科技,25.65,-3.061,51.766,7.80648,7,2.43,3,False,0.88,False,True,False,25.87,24.78,25.07,24.54
002958,青农商行,2.94,-0.676,5.654,0.96054,7,1.99,3,True,1.08,False,True,False,2.92,2.92,2.9,2.94
603270,金帝股份,30.1,0.066,44.925,11.5655,7,2.8,3,False,0.89,False,True,False,30.18,28.91,29.6,29.07
301302,华如科技,30.8,-4.85,-20.533,15.8651,7,2.7,3,True,1.07,False,True,False,29.78,27.62,27.6,26.96
600582,天地科技,5.53,-1.25,9.357,0.81698,6,1.72,3,True,1.29,False,True,False,5.53,5.5,5.48,5.55
600015,华夏银行,6.91,-0.432,4.265,0.34802,6,1.77,3,True,0.8,False,True,False,6.87,6.84,6.75,6.77
301029,怡合达,29.85,-1.192,36.852,4.21827,7,2.21,3,False,0.77,False,True,False,29.7,29.01,29.55,29.32
300889,爱克股份,24.11,-2.861,-67.706,4.65804,7,1.13,3,False,1.15,False,True,False,24.31,23.82,23.86,23.79
600007,中国国贸,21.25,-6.634,17.857,0.47529,6,0.47,3,True,1.21,False,True,False,21.98,21.7,21.43,21.48
600016,民生银行,3.57,-0.833,5.667,0.57536,6,2.28,3,True,0.9,False,True,False,3.57,3.56,3.56,3.6
301418,协昌科技,46.0,-6.656,657.143,22.0569,6,1.81,4,True,0.7,False,True,False,47.4,44.35,43.61,43.34
603488,展鹏科技,12.1,-0.82,-20.862,3.84108,6,0.57,4,True,0.57,False,True,False,12.24,11.83,11.61,11.73
603015,弘讯科技,12.72,0.315,115.636,2.50281,6,2.95,4,False,0.78,False,True,False,12.8,12.2,12.41,12.33
600000,浦发银行,9.55,-0.417,6.283,0.21768,5,1.47,4,True,0.89,False,True,False,9.44,9.37,9.23,9.21
002046,国机精工,57.73,-2.45,118.13,3.77728,6,0.78,4,True,0.62,False,True,False,59.44,56.53,54.9,55.09
002522,浙江众成,6.96,-4.527,116.0,7.80324,6,2.41,4,True,0.98,False,True,False,7.19,6.87,6.78,6.8
301072,中捷精工,35.0,-1.13,-67.308,13.1347,5,2.88,5,True,0.9,False,True,False,32.68,28.31,26.38,25.92
002129,TCL中环,10.13,0.0,-4.368,6.47206,5,3.0,5,False,0.9,False,True,False,9.68,9.55,9.56,9.42
600881,亚泰集团,1.68,-5.085,-2.667,6.061,4,1.83,5,True,1.16,False,True,False,1.67,1.6,1.55,1.56
600630,龙头股份,8.95,0.562,81.364,8.25856,4,1.95,5,True,0.99,False,True,False,8.74,8.35,8.12,8.16
301428,世纪恒通,37.3,-2.687,-101.166,14.4117,5,2.25,5,True,0.96,False,True,False,36.93,35.7,34.97,34.86
600688,上海石化,2.89,-3.344,-21.25,2.5274,4,2.68,5,True,0.47,False,True,False,3.16,3.05,2.96,2.97
300720,海川智能,73.87,6.857,622.85,6.99503,5,1.9,5,True,1.1,False,True,False,71.76,70.35,69.3,68.82
301528,多浦乐,89.32,3.022,83.15,10.1724,5,1.64,5,True,0.94,False,True,False,88.94,79.88,75.15,74.59
600036,招商银行,38.73,-0.437,6.795,0.28817,4,1.67,5,True,0.79,False,True,False,38.64,38.48,37.87,38.03
002472,双环传动,41.08,-3.771,27.387,5.13921,7,2.32,3,False,0.71,False,False,False,43.31,41.61,42.55,41.91
300545,联得装备,34.6,-3.675,56.721,9.58303,7,1.49,3,False,0.75,False,False,False,35.77,34.8,35.35,35.04
601636,旗滨集团,6.63,0.455,28.99,3.79389,7,2.12,3,False,0.61,False,False,False,6.85,6.69,6.72,6.66
603159,上海亚虹,26.5,-2.214,-662.5,2.48643,7,1.97,3,False,0.76,False,False,False,27.08,26.43,26.85,26.4
002832,比音勒芬,20.39,-2.487,21.24,3.56931,7,1.75,3,False,0.88,False,False,False,20.53,20.21,20.24,20.16
603813,*ST原尚,37.87,-0.838,-56.522,0.32957,7,2.05,3,False,0.49,False,False,False,37.28,36.56,36.86,37.23
002387,维信诺,8.21,-3.638,-4.799,3.02604,6,1.78,4,False,0.69,False,False,False,8.69,8.43,8.46,8.37
002571,德力股份,11.89,-2.14,-17.917,3.04063,5,2.89,5,True,0.66,False,False,False,12.4,12.23,12.17,11.99
002457,青龙管业,11.77,-4.927,30.179,8.04896,5,2.22,5,False,0.66,False,False,False,12.37,12.24,12.34,12.12
