代码,名称,价格,涨跌幅,成交额亿,换手率,市盈率,得分,信号
601668,中国建筑,4.74,0.85,7.75,0.4,亏损,60,"新闻热点, 涨0.9%, 放量"
300347,泰格医药,38.76,4.73,7.69,3.5,亏损,40,"涨4.7%, 放量, 换手3.5%"
603283,赛腾股份,49.56,3.96,12.79,7.48,亏损,40,"涨4.0%, 放量, 换手7.5%"
603259,药明康德,97.04,3.81,55.4,2.33,亏损,40,"涨3.8%, 放量, 换手2.3%"
601888,中国中免,58.05,1.17,31.98,2.84,亏损,40,"涨1.2%, 放量, 换手2.8%"
601688,华泰证券,19.37,3.14,29.0,2.08,亏损,40,"涨3.1%, 放量, 换手2.1%"
603019,中科曙光,82.7,2.86,54.32,4.42,亏损,40,"涨2.9%, 放量, 换手4.4%"
300122,智飞生物,12.59,4.05,3.89,2.24,亏损,35,"涨4.0%, 成交活跃, 换手2.2%"
000001,平安银行,11.32,1.71,17.38,0.8,亏损,30,"涨1.7%, 放量"
000063,中兴通讯,38.42,-1.84,110.04,7.0,亏损,30,"跌1.8%, 放量, 换手7.0%"
000568,泸州老窖,85.41,1.14,11.0,0.87,亏损,30,"涨1.1%, 放量"
601633,长城汽车,17.13,3.38,6.74,0.64,亏损,30,"涨3.4%, 放量"
601601,中国太保,32.51,3.04,20.9,0.95,亏损,30,"涨3.0%, 放量"
601288,农业银行,6.71,1.67,28.21,0.13,亏损,30,"涨1.7%, 放量"
601211,国泰海通,17.05,3.27,34.71,1.52,亏损,30,"涨3.3%, 放量"
600745,*ST闻泰,18.88,-4.98,9.44,3.99,亏损,30,"跌5.0%, 放量, 换手4.0%"
600887,伊利股份,25.58,1.83,12.29,0.77,亏损,30,"涨1.8%, 放量"
000858,五粮液,79.14,0.04,18.3,0.59,亏损,30,"涨0.0%, 放量"
000977,浪潮信息,59.39,-0.12,39.61,4.48,亏损,30,"跌0.1%, 放量, 换手4.5%"
300033,同花顺,198.4,-4.89,32.41,3.68,亏损,30,"跌4.9%, 放量, 换手3.7%"
600036,招商银行,38.9,1.07,36.33,0.45,亏损,30,"涨1.1%, 放量"
002241,歌尔股份,22.76,-4.49,22.97,3.18,亏损,30,"跌4.5%, 放量, 换手3.2%"
002049,紫光国微,73.0,-0.92,17.63,2.83,亏损,30,"跌0.9%, 放量, 换手2.8%"
002460,赣锋锂业,67.6,-0.5,50.66,6.1,亏损,30,"跌0.5%, 放量, 换手6.1%"
002459,晶澳科技,9.15,9.98,7.02,2.5,亏损,30,"涨幅较大10.0%, 放量, 换手2.5%"
002624,完美世界,13.94,-2.79,9.81,3.85,亏损,30,"跌2.8%, 放量, 换手3.8%"
002230,科大讯飞,42.29,-4.99,23.33,2.48,亏损,30,"跌5.0%, 放量, 换手2.5%"
300760,迈瑞医疗,143.5,0.82,9.39,0.54,亏损,30,"涨0.8%, 放量"
601166,兴业银行,18.89,2.38,25.73,0.65,亏损,30,"涨2.4%, 放量"
600030,中信证券,25.66,2.19,44.38,1.43,亏损,30,"涨2.2%, 放量"
300769,德方纳米,60.25,-1.94,7.88,5.17,亏损,30,"跌1.9%, 放量, 换手5.2%"
300364,中文在线,22.87,-3.66,7.14,4.65,亏损,30,"跌3.7%, 放量, 换手4.6%"
300502,新易盛,772.5,-1.68,240.39,3.45,亏损,30,"跌1.7%, 放量, 换手3.4%"
601336,新华保险,58.03,3.87,19.5,1.63,亏损,30,"涨3.9%, 放量"
601398,工商银行,7.69,1.99,31.49,0.15,亏损,30,"涨2.0%, 放量"
601012,隆基绿能,14.08,8.81,33.96,3.37,亏损,30,"涨幅较大8.8%, 放量, 换手3.4%"
600519,贵州茅台,1275.88,1.58,49.92,0.31,亏损,30,"涨1.6%, 放量"
300308,中际旭创,1147.0,-2.8,263.83,2.06,亏损,30,"跌2.8%, 放量, 换手2.1%"
002281,光迅科技,202.6,-3.62,83.75,5.31,亏损,30,"跌3.6%, 放量, 换手5.3%"
000166,申万宏源,4.38,1.86,4.59,0.47,亏损,25,"涨1.9%, 成交活跃"
000002,万科A,3.15,0.96,3.73,1.23,亏损,25,"涨1.0%, 成交活跃"
000596,古井贡酒,87.21,1.4,2.65,0.74,亏损,25,"涨1.4%, 成交活跃"
000895,双汇发展,24.32,1.0,2.43,0.29,亏损,25,"涨1.0%, 成交活跃"
300124,汇川技术,70.1,-6.03,38.05,2.22,亏损,25,"放量, 换手2.2%"
002304,洋河股份,43.24,3.0,3.73,0.58,亏损,25,"涨3.0%, 成交活跃"
603444,吉比特,325.65,0.35,3.9,1.68,亏损,25,"涨0.4%, 成交活跃"
600054,黄山旅游,11.24,4.95,1.77,3.11,亏损,25,"涨4.9%, 换手3.1%"
300474,景嘉微,53.27,-2.02,4.61,2.1,亏损,25,"跌2.0%, 成交活跃, 换手2.1%"
300274,阳光电源,143.55,-5.87,93.78,4.09,亏损,25,"放量, 换手4.1%"
300624,万兴科技,54.15,-4.31,3.59,3.82,亏损,25,"跌4.3%, 成交活跃, 换手3.8%"
601186,中国铁建,6.32,0.8,2.47,0.34,亏损,25,"涨0.8%, 成交活跃"
300496,中科创达,62.39,-5.48,13.23,5.64,亏损,25,"放量, 换手5.6%"
600048,保利发展,5.19,0.39,3.9,0.63,亏损,25,"涨0.4%, 成交活跃"
002821,凯莱英,113.4,1.81,4.59,1.28,亏损,25,"涨1.8%, 成交活跃"
300620,光库科技,286.6,-7.14,42.35,5.96,亏损,25,"放量, 换手6.0%"
000983,山西焦煤,7.17,-3.89,6.5,1.58,亏损,20,"跌3.9%, 放量"
000625,长安汽车,7.47,-2.73,7.09,1.14,亏损,20,"跌2.7%, 放量"
002747,埃斯顿,35.8,-4.61,72.49,24.8,亏损,20,"跌4.6%, 放量"
300059,东方财富,17.78,-0.56,41.36,1.74,亏损,20,"跌0.6%, 放量"
300750,宁德时代,388.5,-2.75,95.36,0.57,亏损,20,"跌2.8%, 放量"
002594,比亚迪,90.31,-1.72,21.82,0.69,亏损,20,"跌1.7%, 放量"
300014,亿纬锂能,55.36,-2.64,21.09,1.79,亏损,20,"跌2.6%, 放量"
002074,国轩高科,28.78,-3.03,6.62,1.32,亏损,20,"跌3.0%, 放量"
600547,山东黄金,26.61,-2.53,14.39,1.51,亏损,20,"跌2.5%, 放量"
600104,上汽集团,11.09,-2.03,7.24,0.57,亏损,20,"跌2.0%, 放量"
600893,航发动力,37.98,-3.8,13.37,1.31,亏损,20,"跌3.8%, 放量"
601138,工业富联,71.13,-4.83,105.3,0.74,亏损,20,"跌4.8%, 放量"
601225,陕西煤业,26.63,-1.37,17.81,0.69,亏损,20,"跌1.4%, 放量"
601088,中国神华,47.51,-3.0,16.35,0.21,亏损,20,"跌3.0%, 放量"
601127,赛力斯,68.88,-3.95,21.17,1.97,亏损,20,"跌3.9%, 放量"
601390,中国中铁,4.49,-0.66,5.2,0.57,亏损,20,"跌0.7%, 放量"
601318,中国平安,53.22,-1.32,47.79,0.85,亏损,20,"跌1.3%, 放量"
601899,紫金矿业,27.7,-2.7,83.86,1.48,亏损,20,"跌2.7%, 放量"
603501,豪威集团,90.18,-3.36,19.3,1.75,亏损,20,"跌3.4%, 放量"
605117,德业股份,103.7,-0.16,16.43,1.27,亏损,20,"跌0.2%, 放量"
