代码,名称,最新价,涨跌幅,市盈率,换手率,红三兵位置,距红三兵天数,三日涨幅,理想形态,涨幅适中,成交量配合,第一日涨幅,第二日涨幅,第三日涨幅
002191,劲嘉股份,3.88,-2.267,-16.167,1.52832,6,1,4.75,True,True,True,1.58,2.86,1.02
300477,ST合纵,2.41,-5.859,-2.888,3.33448,6,1,8.02,True,True,True,3.8,1.23,4.92
600350,山东高速,11.04,-6.441,20.257,0.28601,6,1,6.31,True,True,True,1.44,3.02,2.08
600511,国药股份,27.54,0.255,10.407,0.60852,6,1,4.01,True,True,True,1.06,1.42,1.82
301091,深城交,17.52,-5.195,146.0,1.6086,6,1,5.6,True,True,True,3.14,1.67,2.33
600373,中文传媒,7.84,-1.135,38.793,0.92695,5,2,6.54,True,True,True,2.45,1.74,2.89
003005,竞业达,14.86,-3.819,400.539,1.80777,5,2,5.28,True,True,True,3.29,2.16,1.59
600826,兰生股份,9.27,-1.173,20.6,0.92893,5,2,7.49,True,True,True,1.73,4.03,3.55
300007,汉威科技,39.68,-5.793,80.98,5.65761,4,3,6.27,True,True,True,1.54,4.08,3.73
300020,ST银江,3.39,-3.143,-1.507,1.06587,5,2,5.16,True,True,False,4.3,3.1,1.1
002664,信质集团,17.4,-1.917,52.727,1.47575,4,3,5.52,True,True,False,1.28,4.5,3.5
002661,克明食品,7.7,-3.023,25.667,1.21879,6,1,4.89,True,False,True,1.45,3.26,0.51
002576,通达动力,15.8,-3.717,31.6,3.28524,6,1,3.21,True,False,True,0.5,2.13,2.24
300955,嘉亨家化,41.03,-1.607,-110.892,1.70843,6,1,4.22,True,False,True,0.82,2.03,2.48
600004,白云机场,8.02,-1.11,12.935,0.41275,6,1,1.25,True,False,True,0.25,0.37,0.62
600551,时代出版,7.31,-0.949,12.097,0.68676,6,1,2.79,True,False,True,0.7,0.97,1.51
600830,香溢融通,8.13,-0.854,45.932,1.85896,6,1,5.53,True,False,True,0.9,2.3,2.76
603202,天有为,67.96,0.951,10.804,2.95001,6,1,5.55,True,False,True,0.44,1.49,4.36
603676,卫信康,8.9,-1.221,16.481,0.44057,6,1,2.27,True,False,True,0.34,0.11,1.81
600843,上工申贝,8.16,-3.432,-40.296,6.77225,6,1,16.07,True,False,True,3.16,2.81,11.18
601601,中国太保,32.06,-1.384,5.766,0.77151,6,1,4.9,True,False,True,0.68,1.12,3.17
002014,永新股份,10.56,0.86,14.667,0.46844,6,1,2.85,True,False,True,0.69,1.57,1.26
002468,申通快递,13.91,-0.714,15.12,0.99611,6,1,1.74,True,False,True,0.44,1.01,1.52
301418,协昌科技,46.0,-6.656,657.143,22.0569,6,1,10.02,True,False,True,1.76,7.84,4.58
300376,易事特,5.81,-7.337,581.0,3.89328,6,1,30.35,True,False,True,23.49,1.69,5.56
600810,神马股份,6.26,1.131,-28.455,2.47077,5,2,9.19,True,False,True,0.87,2.94,5.88
301210,金杨精密,28.02,-0.884,62.267,7.57017,5,2,13.44,True,False,True,3.9,9.35,2.78
300702,天宇股份,19.15,-1.895,46.707,1.70589,5,2,8.87,True,False,True,5.04,2.79,1.9
002554,惠博普,3.12,-0.637,-11.143,1.68853,5,2,2.27,True,False,True,0.32,1.62,0.64
601665,齐鲁银行,6.44,-0.617,6.44,0.86972,5,2,4.01,True,False,True,0.33,1.17,3.15
601658,邮储银行,5.1,0.394,6.986,0.2139,5,2,1.01,True,False,True,0.4,0.61,0.4
600926,杭州银行,16.61,0.0,6.244,0.62112,5,2,3.3,True,False,True,0.57,2.09,1.37
002681,奋达科技,4.84,-3.968,-96.8,2.8793,4,3,9.45,True,False,True,0.62,5.51,3.7
300400,劲拓股份,37.44,-2.955,106.971,9.37451,4,3,19.3,True,False,True,1.01,6.21,17.11
300488,恒锋工具,38.52,3.772,38.139,6.97116,4,3,16.34,True,False,True,1.05,8.65,10.42
300607,拓斯达,33.41,-5.139,222.733,10.5718,4,3,12.26,True,False,True,1.24,5.64,8.32
300258,精锻科技,11.56,-3.667,48.47,2.82809,4,3,6.42,True,False,True,1.14,5.34,3.97
603839,安正时尚,6.45,-1.527,-13.163,0.99905,4,3,3.34,True,False,True,0.46,2.42,1.95
603773,沃格光电,139.46,-10.003,-196.146,13.1429,4,3,19.84,True,False,True,7.46,8.26,5.19
600736,苏州高新,7.78,5.42,183.059,7.47266,4,3,11.02,True,False,True,0.14,2.26,9.93
603045,XD福达合,76.01,-5.142,95.275,11.8834,4,3,21.9,True,False,True,4.98,10.24,14.13
603278,大业股份,12.06,-6.439,-301.5,11.9254,4,3,17.44,True,False,True,3.07,4.9,15.05
301387,光大同创,105.56,2.049,621.307,16.7172,4,3,7.04,True,False,True,1.44,5.64,5.29
301199,迈赫股份,18.5,-3.545,31.853,1.43318,4,3,6.54,True,False,True,0.42,4.9,2.47
603861,白云电器,14.7,-9.982,36.75,4.87078,4,3,13.38,True,False,True,7.5,5.82,5.41
002457,青龙管业,11.77,-4.927,30.179,8.04896,4,3,5.42,True,False,True,0.85,2.69,1.97
002009,天奇股份,20.09,-4.832,143.5,6.76459,4,3,12.73,True,False,True,1.85,2.72,10.42
300719,安达维尔,12.31,-0.243,-549.554,1.84909,4,3,3.33,True,False,True,0.16,2.44,2.5
300403,汉宇集团,10.07,-4.368,25.715,2.49659,4,3,9.82,True,False,True,1.75,6.21,5.12
300660,江苏雷利,29.72,-7.125,44.451,2.23675,4,3,10.0,True,False,True,2.92,4.93,6.91
300024,机器人,14.95,-7.373,-58.835,3.67603,4,3,8.53,True,False,True,2.8,4.43,5.16
002048,宁波华翔,27.65,-3.118,54.216,3.36046,4,3,8.57,True,False,True,3.31,2.99,5.6
002164,宁波东力,13.7,-1.722,37.027,5.09934,4,3,20.46,True,False,True,0.49,9.17,12.6
600234,科新发展,25.54,0.314,-364.857,1.39635,6,1,15.99,True,False,False,13.03,0.97,2.25
002059,云南旅游,4.53,-5.428,-13.913,2.17379,6,1,7.64,True,False,False,1.35,1.33,5.04
603288,海天味业,35.17,0.199,28.593,0.24084,6,1,3.82,True,False,False,0.77,2.41,0.95
603195,公牛集团,40.49,-0.638,17.916,0.20876,6,1,3.95,True,False,False,1.43,1.89,0.74
300494,盛天网络,9.28,-0.322,201.302,2.99022,5,2,6.93,True,False,False,5.14,3.35,0.31
301151,冠龙节能,19.33,-0.155,53.889,3.19901,5,2,29.91,True,False,False,20.03,12.33,0.2
003025,思进智能,16.27,2.134,30.13,7.32258,5,2,13.72,True,False,False,6.75,7.41,1.28
603939,益丰药房,20.82,-1.467,15.087,0.55626,5,2,4.6,True,False,False,0.61,3.43,1.07
603813,*ST原尚,37.87,-0.838,-56.522,0.32957,5,2,13.26,True,False,False,4.35,6.42,4.42
300733,西菱动力,14.22,6.199,43.513,4.42025,5,2,13.35,True,False,False,3.77,8.01,3.67
301261,恒工精密,84.3,-3.248,83.465,6.89117,4,3,9.07,True,False,False,0.3,7.55,4.82
002279,久其软件,6.78,-6.354,129.143,5.09766,6,1,7.9,False,True,True,1.94,2.58,2.7
605218,伟时电子,16.9,-0.471,160.799,4.22133,6,1,6.13,False,True,True,1.12,1.53,3.66
603213,镇洋发展,14.93,0.403,87.824,1.82454,6,1,6.29,False,True,True,1.22,2.75,2.2
300616,尚品宅配,13.36,-10.396,-9.752,12.1267,6,1,7.27,False,True,True,1.65,2.03,3.11
002530,金财互联,7.63,-6.034,95.375,3.53914,6,1,6.42,False,True,True,2.1,2.3,2.27
301020,密封科技,23.46,-4.557,39.1,4.1079,6,1,6.04,False,True,True,1.64,1.48,2.85
301448,开创电气,37.3,3.41,-1865.0,4.01513,6,1,9.3,False,True,True,2.39,2.85,3.68
600366,宁波韵升,13.0,-5.109,42.29,5.83543,5,2,4.34,False,True,True,2.25,2.81,1.17
301332,德尔玛,8.54,-2.4,30.5,0.92793,5,2,5.95,False,True,True,1.33,2.56,3.8
002641,公元股份,4.2,-3.448,84.0,2.07037,5,2,6.3,False,True,True,2.18,2.66,2.33
601882,海天精工,19.97,-1.577,24.354,1.01546,5,2,7.39,False,True,True,3.8,1.72,1.77
603809,豪能股份,10.42,-1.139,32.4,2.09429,5,2,7.4,False,True,True,2.2,3.01,4.27
605128,上海沿浦,24.25,-1.822,26.648,1.64376,5,2,9.41,False,True,True,1.4,4.84,3.49
600215,派斯林,6.25,-1.575,-8.319,4.2334,4,3,6.7,False,True,True,1.28,4.4,3.88
300053,航宇微,16.74,4.822,-34.191,4.82508,4,3,8.65,False,True,True,1.09,3.06,4.89
603331,百达精工,11.9,-2.138,-10.625,2.49155,4,3,5.21,False,True,True,1.22,2.99,4.96
300871,回盛生物,21.6,-1.46,16.181,3.73438,6,1,8.62,False,True,False,4.11,1.58,1.72
002811,郑中设计,12.12,4.303,22.868,2.57638,6,1,4.4,False,True,False,1.98,1.67,1.48
301029,怡合达,29.85,-1.192,36.852,4.21827,5,2,5.18,False,True,False,1.58,4.4,1.45
002272,川润股份,20.81,1.019,-404.864,15.1361,6,1,14.13,False,False,True,1.5,5.39,2.44
300706,阿石创,67.88,19.993,-188.556,30.9733,6,1,20.36,False,False,True,3.85,7.46,6.21
300721,怡达股份,32.56,-9.126,-49.08,30.5975,6,1,25.5,False,False,True,0.81,2.16,23.3
002901,大博医疗,41.3,-0.817,28.095,0.62546,6,1,3.94,False,False,True,0.22,2.7,1.56
003026,中晶科技,35.45,-1.909,107.424,28.2003,6,1,24.58,False,False,True,2.93,7.92,4.94
002203,海亮股份,21.31,10.015,45.34,1.21306,6,1,8.27,False,False,True,0.06,3.51,3.09
002232,启明信息,14.73,-4.598,184.818,1.35299,6,1,3.62,False,False,True,1.41,0.33,1.25
002265,建设工业,19.88,-3.915,86.435,1.15134,6,1,6.27,False,False,True,0.46,3.86,2.12
002297,博云新材,21.39,2.688,198.239,25.429,6,1,7.93,False,False,True,2.64,0.1,3.07
002292,奥飞娱乐,6.74,-6.906,134.8,4.88866,6,1,6.63,False,False,True,4.57,0.42,1.97
605318,法狮龙,126.99,8.948,-2539.8,7.90327,6,1,22.08,False,False,True,0.89,8.91,6.01
605376,博迁新材,181.0,-6.701,215.476,6.4116,6,1,16.31,False,False,True,3.72,6.91,0.67
605198,安德利,58.91,-4.04,61.365,1.33649,6,1,17.45,False,False,True,9.32,5.31,0.8
603595,ST东尼,24.28,-1.78,-89.926,1.00765,6,1,10.06,False,False,True,5.61,1.11,1.1
603527,众源新材,13.4,-2.047,67.0,5.88141,6,1,7.97,False,False,True,1.03,1.56,7.04
603228,景旺电子,75.8,0.611,58.308,4.27768,6,1,12.38,False,False,True,2.86,2.86,0.45
603927,中科软,14.38,-4.515,53.358,1.19506,6,1,3.15,False,False,True,0.34,0.81,1.69
603991,领先股份,120.21,10.002,-207.259,7.96272,6,1,8.2,False,False,True,0.3,2.14,4.18
600897,厦门空港,15.76,1.612,12.677,0.98114,6,1,4.44,False,False,True,0.07,1.0,2.44
603306,华懋科技,102.7,3.424,163.535,4.16529,6,1,10.51,False,False,True,1.75,5.76,3.44
601928,凤凰传媒,9.11,-2.148,12.831,0.36957,6,1,3.91,False,False,True,0.11,0.44,3.44
600869,远东股份,29.5,-6.498,1104.87,8.74385,6,1,15.78,False,False,True,0.73,5.52,9.55
603778,国晟科技,19.8,-2.941,-22.759,13.8464,6,1,7.94,False,False,True,0.26,2.2,2.05
603220,中贝通信,22.87,-6.767,122.038,12.5762,6,1,12.78,False,False,True,1.15,0.22,2.21
600797,浙大网新,7.22,-5.744,-144.4,2.69344,6,1,4.93,False,False,True,0.55,1.08,3.65
600861,北京人力,14.53,-0.684,7.032,0.61036,6,1,3.54,False,False,True,0.35,0.21,2.16
301511,德福科技,133.57,-2.575,748.291,9.07676,6,1,22.87,False,False,True,10.31,6.88,3.41
301555,惠柏新材,41.98,1.474,53.139,16.5102,6,1,11.78,False,False,True,0.03,4.43,5.97
603020,爱普股份,11.85,-1.003,51.321,3.86519,6,1,14.0,False,False,True,0.76,8.89,2.75
603186,华正新材,170.38,4.323,87.374,12.5898,6,1,41.72,False,False,True,18.04,4.64,7.1
603181,皇马科技,14.42,1.335,18.974,1.5062,6,1,7.15,False,False,True,0.53,4.54,2.37
600012,皖通高速,16.78,-2.214,15.048,0.81324,6,1,6.65,False,False,True,0.5,2.9,2.69
301565,中仑新材,25.03,-8.949,125.15,13.6685,6,1,11.93,False,False,True,0.98,3.6,9.09
600038,中直股份,27.25,-1.625,34.272,1.11161,6,1,3.75,False,False,True,0.49,0.37,2.59
600874,创业环保,5.82,1.042,10.582,1.07606,6,1,3.04,False,False,True,0.54,0.18,1.95
300894,火星人,11.38,20.042,-15.589,8.36753,6,1,8.34,False,False,True,0.23,3.83,4.18
301322,绿通科技,57.76,2.049,186.323,8.54243,6,1,24.45,False,False,True,11.72,7.67,1.67
301116,益客食品,9.73,-1.518,-15.694,1.24931,6,1,3.46,False,False,True,0.73,1.35,1.23
301025,读客文化,8.93,-2.404,446.5,2.45967,6,1,3.86,False,False,True,0.91,0.67,2.23
300786,国林科技,20.36,6.485,-185.091,14.8351,6,1,10.14,False,False,True,1.79,3.15,0.58
300854,中兰环保,31.43,-6.846,-36.185,10.1238,6,1,17.89,False,False,True,10.69,0.31,4.46
300821,东岳硅材,17.87,-0.667,-893.5,8.79182,6,1,15.32,False,False,True,3.46,7.29,5.51
600728,佳都科技,4.55,-4.008,55.42,1.86451,6,1,1.72,False,False,True,0.21,0.85,1.28
600641,先导基电,28.91,5.013,-207.986,11.6843,6,1,13.29,False,False,True,1.11,8.55,2.34
600716,凤凰股份,3.73,0.539,-9.016,1.72131,6,1,4.21,False,False,True,0.84,1.94,1.37
600640,国脉文化,10.51,-5.571,389.259,1.57574,6,1,1.18,False,False,True,0.45,0.36,0.72
600610,中毅达,8.35,3.727,176.533,5.84841,6,1,10.12,False,False,True,0.68,2.96,6.2
301629,矽电股份,388.8,4.82,288.0,10.7083,6,1,10.72,False,False,True,0.51,4.46,4.14
300936,中英科技,114.99,5.206,4063.25,11.2538,6,1,9.29,False,False,True,0.08,3.95,6.29
301176,逸豪新材,47.17,-0.903,-133.173,7.25897,6,1,20.63,False,False,True,0.38,8.0,9.43
002575,群兴玩具,5.92,-4.207,-148.0,8.94083,6,1,11.35,False,False,True,1.08,7.87,2.66
002585,双星新材,12.42,-7.452,-26.883,31.9404,6,1,22.78,False,False,True,1.46,8.25,3.95
002718,友邦吊顶,97.58,3.82,975.8,2.08556,6,1,8.22,False,False,True,4.76,0.7,2.62
002568,百润股份,19.79,0.712,31.919,2.56135,6,1,7.97,False,False,True,3.3,0.64,4.02
002870,香山股份,39.95,-2.513,55.486,2.50492,6,1,7.67,False,False,True,0.45,1.73,5.08
001211,双枪科技,36.11,1.776,1203.67,9.3439,6,1,11.61,False,False,True,4.15,0.36,5.91
001395,亚联机械,36.72,-0.488,16.767,1.45394,6,1,4.95,False,False,True,2.08,0.5,2.27
600449,宁夏建材,12.48,-5.526,32.842,1.59883,6,1,4.68,False,False,True,2.61,0.46,1.3
301396,宏景科技,166.0,-5.143,965.116,16.8276,6,1,10.06,False,False,True,0.02,1.1,6.05
300716,*ST泉为,19.32,4.207,-13.963,3.31065,5,2,11.68,False,False,True,2.13,6.34,6.74
300496,中科创达,59.39,-4.808,60.652,5.02663,5,2,6.71,False,False,True,2.12,5.3,1.55
300746,汉嘉数智,10.54,-2.317,33.134,1.97346,5,2,8.8,False,False,True,2.18,3.14,5.89
300225,金力泰,8.38,-5.843,209.5,15.0094,5,2,18.35,False,False,True,2.13,6.39,8.94
001226,拓山重工,50.11,-4.534,185.593,5.41442,5,2,3.47,False,False,True,0.1,2.45,1.19
002407,多氟多,38.19,9.994,212.167,20.1314,5,2,5.31,False,False,True,3.01,5.69,0.92
001696,宗申动力,20.96,10.026,36.063,16.471,5,2,22.73,False,False,True,1.4,11.54,8.27
002362,汉王科技,18.81,-4.808,-23.466,11.1112,5,2,22.69,False,False,True,1.37,12.52,4.24
301195,北路智控,35.23,-0.452,30.635,6.47259,5,2,26.19,False,False,True,1.14,21.8,3.98
300925,法本信息,18.68,-0.797,74.72,5.18258,5,2,14.58,False,False,True,5.62,5.92,4.48
300556,丝路视觉,20.91,-7.764,-41.82,18.1017,5,2,13.41,False,False,True,2.44,8.65,4.07
002553,南方精工,18.18,-8.089,18.33,6.425,5,2,4.71,False,False,True,3.2,2.16,0.16
002779,中坚科技,83.71,4.13,89.644,3.83239,5,2,17.38,False,False,True,7.83,3.42,5.24
300163,先锋新材,6.33,-2.164,42.944,6.97347,5,2,11.04,False,False,True,2.56,1.74,5.47
002948,青岛银行,5.89,-0.675,6.929,1.35516,5,2,4.05,False,False,True,0.18,0.92,3.48
603679,华体科技,18.59,1.863,-24.352,5.96311,5,2,9.44,False,False,True,1.1,5.16,5.06
603859,能科科技,51.89,-9.991,55.796,5.11311,5,2,19.8,False,False,True,2.58,9.72,3.82
601939,建设银行,10.6,1.049,8.154,1.19489,5,2,2.88,False,False,True,1.49,0.58,1.47
603129,春风动力,220.49,-3.294,20.063,1.09058,5,2,5.25,False,False,True,0.3,2.81,2.13
601963,重庆银行,11.78,-3.679,7.699,1.02009,5,2,2.61,False,False,True,0.92,0.08,1.75
601288,农业银行,6.68,-0.447,8.564,0.10083,5,2,4.6,False,False,True,0.79,2.66,1.54
603039,泛微网络,45.56,-0.306,39.965,7.58258,5,2,21.69,False,False,True,7.37,7.36,9.35
600340,*ST华幸,1.29,-5.147,-0.22,4.59742,5,2,9.76,False,False,True,0.81,5.74,4.65
301279,金道科技,23.96,-2.957,47.92,3.07913,5,2,12.9,False,False,True,5.31,5.07,2.15
301488,豪恩汽电,146.9,-11.506,181.358,23.7691,5,2,18.3,False,False,True,4.9,13.94,3.37
301069,凯盛新材,21.3,1.429,69.79,3.97637,5,2,16.86,False,False,True,2.77,7.33,7.99
301231,荣信文化,31.88,-12.104,-144.909,21.8141,4,3,9.2,False,False,True,0.62,1.38,8.7
301313,凡拓数创,55.61,-19.997,-43.109,35.5244,4,3,34.8,False,False,True,1.35,1.63,20.29
300845,捷安高科,14.53,-1.156,72.65,6.39064,4,3,5.66,False,False,True,0.14,3.35,5.89
600552,凯盛科技,20.59,-0.435,151.175,11.8618,4,3,20.49,False,False,True,7.87,8.88,4.45
301413,安培龙,85.08,-0.989,92.478,4.75861,4,3,11.37,False,False,True,7.6,3.14,6.03
002881,美格智能,41.03,-6.024,75.423,6.85561,4,3,6.76,False,False,True,1.79,2.94,6.07
002896,中大力德,81.56,-9.998,254.875,10.1906,4,3,22.07,False,False,True,1.14,11.24,8.18
002565,顺灏股份,13.67,-6.37,227.833,7.86626,4,3,11.48,False,False,True,0.76,2.95,8.92
002847,盐津铺子,53.55,0.019,19.263,1.23081,4,3,1.8,False,False,True,0.91,0.53,2.11
002361,神剑股份,17.47,-8.534,1247.86,36.6259,4,3,22.05,False,False,True,0.86,8.8,5.6
300580,贝斯特,23.62,-2.638,42.179,3.12319,4,3,12.95,False,False,True,0.09,3.81,11.57
300552,万集科技,26.75,-4.872,-31.485,4.92998,4,3,7.71,False,False,True,2.15,0.82,6.81
300234,开尔新材,9.84,8.609,-492.0,11.4905,4,3,10.12,False,False,True,0.12,1.73,8.84
002138,顺络电子,55.63,-4.58,42.792,8.54924,4,3,18.43,False,False,True,7.55,8.61,3.07
002520,日发精机,6.45,-1.976,-23.036,7.36031,4,3,13.88,False,False,True,11.39,2.25,3.73
002196,方正电机,12.33,-4.121,291.489,5.41961,4,3,6.95,False,False,True,0.15,5.23,6.22
301128,强瑞技术,167.52,0.867,122.331,9.36332,4,3,10.99,False,False,True,0.89,6.41,10.91
600186,莲花控股,12.63,8.692,70.167,20.3477,4,3,11.48,False,False,True,0.64,6.52,8.37
301225,恒勃股份,87.8,-2.833,65.522,5.09738,4,3,10.08,False,False,True,7.07,1.14,5.48
300099,尤洛卡,7.75,-0.386,31.187,2.58931,4,3,4.73,False,False,True,0.7,2.22,4.58
300334,津膜科技,12.86,13.005,-116.909,17.173,4,3,36.73,False,False,True,3.3,20.29,8.63
605488,福莱新材,34.09,-4.026,121.75,2.84852,4,3,9.88,False,False,True,3.01,2.88,10.54
603165,荣晟环保,14.8,-1.07,17.209,1.55781,4,3,2.19,False,False,True,0.91,0.6,1.94
603867,新化股份,39.8,1.041,28.841,6.31866,4,3,3.48,False,False,True,1.87,0.86,3.68
601689,拓普集团,61.38,-2.895,38.124,2.11039,4,3,9.84,False,False,True,9.03,1.46,4.83
301525,儒竞科技,48.92,-2.569,36.782,2.06296,4,3,9.71,False,False,True,1.42,4.14,7.04
600879,航天电子,20.12,-3.686,291.594,4.1268,4,3,11.81,False,False,True,0.31,7.49,5.07
601698,中国卫通,31.95,4.207,306.034,1.35319,4,3,7.23,False,False,True,0.23,4.88,4.38
600378,昊华科技,63.89,10.003,57.055,7.44364,4,3,23.51,False,False,True,7.13,4.34,10.37
600293,三峡新材,3.63,-4.974,-121.0,11.3686,4,3,28.26,False,False,True,11.8,6.74,6.44
603345,安井食品,88.5,-1.568,20.114,0.96627,6,1,4.21,False,False,False,2.11,0.87,0.84
605228,神通科技,13.48,-0.074,43.484,1.75082,6,1,11.49,False,False,False,1.98,7.94,1.73
002869,金溢科技,18.03,-7.062,-24.04,3.5644,6,1,7.12,False,False,False,0.39,0.22,6.59
002816,*ST和科,25.19,-1.678,142.316,2.4316,6,1,5.04,False,False,False,2.34,0.12,3.1
002354,天娱数科,7.98,-10.034,-270.508,9.865,6,1,24.93,False,False,False,3.24,4.0,7.13
300489,光智科技,176.0,16.456,-729.988,9.44359,6,1,26.84,False,False,False,15.54,4.88,2.99
600556,天下秀,4.91,-7.88,245.5,5.18069,6,1,7.46,False,False,False,0.4,0.2,6.39
603938,三孚股份,58.97,-1.684,280.81,17.3991,6,1,18.3,False,False,False,2.94,0.85,14.9
300284,苏交科,5.64,-6.931,303.226,1.93136,5,2,1.38,False,False,False,0.69,1.38,1.03
002528,*ST英飞,4.78,-1.035,-19.728,0.62202,5,2,1.46,False,False,False,0.63,2.11,0.21
600733,北汽蓝谷,5.7,-1.724,-6.951,1.04594,5,2,1.53,False,False,False,0.51,2.06,0.51
002955,鸿合科技,30.73,2.948,139.682,6.03868,5,2,13.49,False,False,False,8.13,1.59,1.35
002631,德尔未来,7.75,-1.274,-27.968,3.56725,5,2,15.46,False,False,False,5.67,11.67,0.74
002963,豪尔赛,18.79,0.481,-22.106,5.6179,5,2,11.57,False,False,False,0.37,9.37,0.96
300465,高伟达,15.96,-2.206,246.677,5.30832,5,2,17.82,False,False,False,4.77,12.13,3.01
603270,金帝股份,30.1,0.066,44.925,11.5655,5,2,15.27,False,False,False,11.12,1.42,1.68
300145,南方泵业,5.4,-1.639,43.902,6.19705,4,3,14.35,False,False,False,0.68,0.91,15.4
002674,兴业科技,15.81,3.064,46.053,3.82942,4,3,8.6,False,False,False,1.17,0.14,8.75
002085,万丰奥威,12.35,-4.338,26.277,3.10023,4,3,7.42,False,False,False,0.17,1.75,8.08
300531,优博讯,15.01,-0.989,58.359,3.6598,4,3,5.7,False,False,False,0.51,1.02,3.25
301255,通力科技,23.39,-2.542,80.655,5.62952,4,3,5.54,False,False,False,0.46,4.64,3.85
301118,恒光股份,28.8,-3.679,-194.99,10.46,4,3,5.15,False,False,False,0.56,1.15,3.49
600749,西藏旅游,16.12,-5.51,154.406,8.7608,4,3,9.18,False,False,False,0.07,1.28,8.67
